test2,pred
s1a4,s1a4
s1a4,s1a4
s1a4,s1a4
s1a4,s1a4
s1a4,s1a4
s1a4,s1a4
s1a4,s1a4
s1a4,s1a4
s1a4,s1a4
s1a4,s1a4
s1a4,s1a4
s1a4,s1a4
s1a4,s1a4
s1a4,s1a4
s1a4,s1a4
s1a4,s1a4
s1a4,s1a4
s1a4,s1a4
s1a4,s1a4
s1a4,s1a4
s1a4,s1a4
s1a4,s1a4
s1a4,s1a4
s1a4,s1a4
s1a4,s1a4
s1a4,s1a4
s1a4,s1a4
s1a4,s1a4
s1a4,s1a4
s1a4,s1a4
s1a4,s1a4
s1a4,s1a4
s1a4,s1a4
s1a4,s1a4
s1a4,s1a4
s1a4,s1a4
s1a4,s1a4
s1a4,s1a4
s1a4,s1a4
s1a4,s1a4
s1a4,s1a4
s1a4,s1a4
s1a4,s1a4
s1a4,s1a4
s1a4,s1a4
s1a4,s1a4
s1a4,s1a4
s1a4,s1a4
s1a4,s1a4
s1a4,s1a4
s1a4,s1a4
s1a4,s1a4
s1a4,s1a4
s1a4,s1a4
s1a4,s1a4
s1a4,s1a4
s1a4,s1a4
s1a4,s1a4
s1a4,s1a4
s1a4,s1a4
s1a4,s1a4
s1a4,s1a4
s1a4,s1a4
s1a4,s1a4
s1a4,s1a4
s1a4,s1a4
s1a4,s1a4
s1a4,s1a4
s1a4,s1a4
s1a4,s1a4
s1a4,s1a4
s1a4,s1a4
s1a4,s1a4
s1a4,s1a4
s1a4,s1a4
s1a4,s1a4
s1a4,s1a4
s1a4,s1a4
s1a4,s1a4
s1a4,s1a4
s1a4,s1a4
s1a4,s1a4
s1a4,s1a4
s1a4,s1a4
s1a4,s1a4
s1a4,s1a4
s1a4,s1a4
s1a4,s1a4
s1c5,s1c0
s1c5,s1c0
s1c5,s1c0
s1c5,s1c0
s1c5,s1c0
s1c5,s1c0
s1c5,s1c0
s1c5,s1c0
s1c5,s1c0
s1c5,s1c0
s1c5,s1c0
s1c5,s1c0
s1c5,s1c0
s1c5,s1c0
s1c5,s1c0
s1c5,s1c0
s1c5,s180
s1c5,s1c0
s1c5,s1c0
s1c5,s1c0
s1c5,s1c0
s1c5,s1c0
s1c5,s1c0
s1c5,s1c0
s1c5,s1c0
s1c5,s1c0
s1c5,s1c0
s1c5,s1c0
s1c5,s1c0
s1c5,s15d
s1c5,s15d
s1c5,s15d
s1c5,s15d
s1c5,s16d
s1c5,s1c5
s1c5,s1c5
s1c5,s15d
s1c5,s1c0
s1c5,s1c5
s1c5,s1c0
s1c5,s1c0
s1c5,s1c0
s1c5,s1c0
s1c5,s1c0
s1c5,s1c0
s1c5,s1c0
s1c5,s1c0
s1c5,s1c0
s1c5,s1c0
s1c5,s1c0
s1c5,s1c0
s1c5,s1c0
s1c5,s1c0
s1c5,s1c0
s1c5,s1c0
s1c5,s1c5
s1c5,s1c5
s1c5,s1c5
s1c5,s1c0
s1c5,s1c0
s1c5,s1c5
s1c5,s1c5
s1c5,s1c5
s1c5,s1c5
s1c5,s1c5
s1c5,s1c5
s1c5,s1c5
s1c5,s1c0
s1c5,s1c0
s1c5,s1c0
s1c5,s1c0
s1c5,s1c0
s1c5,s1c0
s1c5,s1c5
s1c5,s1c0
s1c5,s1c0
s1c5,s1c0
s1c5,s1c0
s1c5,s1c0
s1c5,s1c0
s1c5,s1c0
s1c5,s1c0
s1c5,s1c0
s1c5,s1c0
s1c5,s1c0
s1c5,s1c0
s1c5,s1c0
s1c5,s1c0
s1c5,s1c0
s1c5,s1c0
s1c5,s1c0
s1c5,s1c0
s1c5,s1c0
s1c5,s1c0
s1c5,s1c0
s1c5,s1c0
s1c5,s1c0
s1c5,s1c0
s1c5,s1c5
s1c5,s1c5
s1c5,s1c5
s1c5,s1c5
s1c5,s1c5
s1c5,s1c5
s1c5,s1c5
s180,s180
s180,s180
s180,s180
s180,s180
s180,s180
s180,s180
s180,s180
s180,s180
s180,s180
s180,s180
s180,s180
s180,s180
s180,s180
s180,s180
s180,s180
s180,s180
s180,s180
s180,s180
s180,s180
s180,s180
s180,s180
s180,s180
s180,s180
s180,s180
s180,s180
s180,s180
s180,s180
s180,s180
s180,s180
s180,s180
s180,s180
s180,s180
s180,s180
s180,s180
s180,s180
s180,s180
s180,s180
s180,s180
s180,s180
s180,s185
s180,s182
s180,s182
s180,s182
s180,s185
s180,s185
s180,s185
s180,s185
s180,s185
s180,s16d
s180,s185
s180,s185
s180,s185
s180,s180
s180,s180
s180,s180
s180,s180
s180,s180
s180,s180
s180,s180
s180,s180
s180,s180
s180,s185
s180,s185
s180,s180
s180,s180
s180,s180
s180,s180
s180,s180
s180,s180
s180,s180
s180,s180
s180,s180
s180,s180
s180,s180
s180,s180
s180,s180
s180,s180
s180,s180
s180,s180
s180,s180
s180,s180
s180,s180
s180,s180
s180,s180
s180,s180
s180,s180
s180,s180
s180,s185
s180,s185
s180,s185
s180,s185
s180,s14c
s180,s14c
s180,s14c
s180,s182
s180,s182
s180,s182
s180,s180
s180,s180
s180,s180
s180,s180
s180,s180
s180,s180
s180,s180
s180,s180
s180,s180
s180,s180
s180,s180
s180,s180
s180,s180
s180,s180
s180,s180
s180,s180
s180,s180
s180,s180
s180,s180
s180,s180
s16d,s16d
s16d,s16d
s16d,s16d
s16d,s16d
s16d,s16d
s16d,s16d
s16d,s16d
s16d,s16d
s16d,s16d
s16d,s16d
s16d,s16d
s16d,s16d
s16d,s16d
s16d,s16d
s16d,s16d
s16d,s16d
s16d,s16d
s16d,s16d
s16d,s16d
s16d,s16d
s16d,s16d
s16d,s16d
s16d,s16d
s16d,s16d
s16d,s16d
s16d,s16d
s16d,s16d
s16d,s16d
s16d,s16d
s16d,s16d
s16d,s16d
s16d,s16d
s16d,s16d
s16d,s16d
s16d,s16d
s16d,s16d
s16d,s16d
s16d,s16d
s16d,s16d
s16d,s16d
s16d,s16d
s16d,s16d
s16d,s15a
s16d,s15a
s16d,s16d
s16d,s16d
s16d,s15a
s16d,s16d
s16d,s16d
s16d,s16d
s16d,s16d
s16d,s16d
s16d,s16d
s16d,s16d
s16d,s16d
s16d,s16d
s16d,s16d
s16d,s16d
s16d,s16d
s16d,s16d
s16d,s16d
s16d,s16d
s16d,s16d
s16d,s16d
s16d,s16d
s16d,s16d
s16d,s16d
s16d,s16d
s16d,s16d
s16d,s16d
s16d,s16d
s16d,s16d
s16d,s16d
s16d,s16d
s16d,s16d
s16d,s16d
s16d,s16d
s16d,s16d
s16d,s16d
s16d,s16d
s16d,s16d
s16d,s16d
s16d,s16d
s16d,s16d
s16d,s16d
s16d,s16d
s16d,s16d
s16d,s16d
s16d,s16d
s16d,s16d
s16d,s16d
s16d,s16d
s16d,s16d
s16d,s16d
s16d,s16d
s16d,s16d
s16d,s16d
s16d,s16d
s16d,s16d
s16d,s16d
s16d,s16d
s16d,s16d
s16d,s16d
s16d,s16d
s16d,s16d
s16d,s16d
s16d,s16d
s16d,s16d
s16d,s16d
s16d,s16d
s16d,s16d
s16d,s16d
s16d,s16d
s16d,s16d
s16d,s16d
s16d,s16d
s16d,s16d
s16d,s16d
s16d,s16d
s16d,s16d
s16d,s16d
s16d,s16d
s16d,s16d
s115,s116
s115,s116
s115,s116
s115,s116
s115,s116
s115,s116
s115,s116
s115,s116
s115,s116
s115,s116
s115,s116
s115,s116
s115,s116
s115,s116
s115,s116
s115,s116
s115,s116
s115,s116
s115,s116
s115,s116
s115,s116
s115,s116
s115,s116
s115,s116
s115,s116
s115,s116
s115,s116
s115,s116
s115,s116
s115,s116
s115,s116
s115,s116
s115,s116
s115,s116
s115,s116
s115,s116
s115,s116
s115,s116
s115,s116
s115,s116
s115,s116
s115,s116
s115,s116
s115,s116
s115,s116
s115,s116
s115,s116
s115,s116
s115,s116
s115,s116
s115,s116
s115,s116
s115,s116
s115,s116
s115,s116
s115,s116
s115,s116
s115,s116
s115,s116
s115,s116
s115,s116
s115,s116
s115,s116
s115,s116
s115,s116
s115,s116
s115,s116
s115,s116
s115,s116
s115,s116
s115,s116
s115,s116
s115,s116
s115,s116
s115,s116
s115,s116
s115,s116
s115,s116
s115,s116
s115,s116
s115,s116
s115,s116
s115,s116
s115,s116
s100,s106
s100,s106
s100,s100
s100,s100
s100,s100
s100,s100
s100,s100
s100,s100
s100,s100
s100,s100
s100,s100
s100,s100
s100,s100
s100,s100
s100,s100
s100,s100
s100,s100
s100,s100
s100,s100
s100,s100
s100,s100
s100,s100
s100,s100
s100,s100
s100,s100
s100,s100
s100,s100
s100,s100
s100,s100
s100,s100
s100,s100
s100,s100
s100,s100
s100,s100
s100,s100
s100,s100
s100,s100
s100,s100
s100,s100
s100,s100
s100,s100
s100,s100
s100,s100
s100,s100
s100,s100
s100,s100
s100,s100
s1d4,s1ce
s1d4,s1ce
s1d4,s1ce
s1d4,s1ce
s1d4,s1ce
s1d4,s1ce
s1d4,s1ce
s1d4,s1ce
s1d4,s1ce
s1d4,s1ce
s1d4,s1ce
s1d4,s1ce
s1d4,s1ce
s1d4,s1ce
s1d4,s1ce
s1d4,s1ce
s1d4,s1ce
s1d4,s1ce
s1d4,s1ce
s1d4,s1ce
s1d4,s1ce
s1d4,s1ce
s1d4,s1ce
s1d4,s1ce
s1d4,s1ce
s1d4,s1ce
s1d4,s1ce
s1d4,s1ce
s1d4,s1ce
s1d4,s1ce
s1d4,s1ce
s1d4,s1ce
s1d4,s1ce
s1d4,s1ce
s1d4,s1ce
s1d4,s1ce
s1d4,s1ce
s1d4,s1ce
s1d4,s1ce
s1d4,s1ce
s1d4,s1ce
s1d4,s1ce
s1d4,s1ce
s1d4,s1ce
s1d4,s1ce
s1d4,s1ce
s1d4,s1ce
s1d4,s1ce
s1d4,s1ce
s1d4,s1ce
s1d4,s1ce
s1d4,s1ce
s1d4,s1ce
s1d4,s1ce
s1d4,s1ce
s1d4,s1ce
s1d4,s1ce
s1d4,s1ce
s1d4,s1ce
s1d4,s1ce
s1d4,s1ce
s1d4,s1ce
s1d4,s1ce
s1d4,s1ce
s1d4,s1ce
s1d4,s1ce
s1d4,s1ce
s1d4,s1ce
s1d4,s1ce
s1d4,s1ce
s1d4,s1ce
s1d4,s1ce
s1d4,s1ce
s1d4,s1ce
s1d4,s1ce
s1d4,s1ce
s1d4,s1ce
s1d4,s1ce
s1d4,s1ce
s1d4,s1ce
s1d4,s1ce
s1d4,s1ce
s1d4,s1ce
s1d4,s1ce
s1d4,s1ce
s1d4,s1ce
s1d4,s1ce
s1d4,s1ce
s1d4,s1ce
s1f4,s203
s1f4,s1f4
s1f4,s1f4
s1f4,s1f4
s1f4,s1f4
s1f4,s1f4
s1f4,s1f4
s1f4,s1f4
s1f4,s1f4
s1f4,s1f4
s1f4,s1f4
s1f4,s1f4
s1f4,s1f4
s1f4,s1f4
s1f4,s1f4
s1f4,s1f4
s1f4,s1f4
s1f4,s1f4
s1f4,s1f4
s1f4,s1f4
s1f4,s1f4
s1f4,s203
s1f4,s203
s1f4,s203
s1f4,s203
s1f4,s203
s1f4,s203
s1f4,s203
s1f4,s203
s1f4,s203
s1f4,s1f4
s1f4,s1f4
s1f4,s1f4
s1f4,s1f4
s1f4,s203
s1f4,s1f4
s1f4,s1f4
s1f4,s1f4
s1f4,s1f4
s1f4,s1f4
s1f4,s1f4
s1f4,s1f4
s1f4,s1f4
s1f4,s1f4
s1f4,s1f4
s1f4,s1f4
s1f4,s1f0
s1f4,s1f4
s1f4,s1f4
s1f4,s1f4
s1f4,s1f4
s1f4,s1f4
s1f4,s1f4
s1f4,s1f4
s1f4,s1f4
s1f4,s1f4
s1f4,s1f4
s1f4,s1f4
s1f4,s1f4
s1f4,s1f4
s1f4,s1f4
s1f4,s1f4
s1f4,s1f4
s1f4,s1f4
s1f4,s1f4
s1f4,s1f4
s1f4,s1f4
s1f4,s1f4
s1f4,s1f4
s1f4,s1f4
s1f4,s1f4
s1f4,s1f4
s1f4,s1f4
s1f4,s1f4
s1f4,s1f4
s1f4,s1f4
s1f4,s1f4
s1f4,s1f4
s1f4,s1f4
s1f4,s1f4
s1f4,s1f4
s1f4,s203
s1f4,s1f4
s1f4,s1f4
s1f4,s1f4
s1f4,s1f4
s1f4,s1f4
s1f4,s1f4
s1f4,s1f4
s1f4,s1f4
s1f4,s1f4
s1f4,s1f4
s1f4,s1f4
s1f4,s1f4
s1f4,s1f4
s1f4,s1f4
s1f4,s1f4
s1f4,s1f4
s1f4,s1f4
s1f4,s203
s1f4,s1f4
s1f4,s203
s1f4,s1f4
s1f4,s1f4
s1f4,s1f4
s1f4,s1f4
s1f4,s203
s1f4,s1f4
s1f4,s1f4
s1f4,s1f4
s1f4,s1f4
s1f4,s1f4
s1f4,s203
s1f4,s1f4
s1f4,s1f4
s1f4,s1f0
s1f4,s1f0
s1f4,s1f4
s1f4,s1f4
s1f4,s1f4
s1f4,s1f4
s1f4,s1f0
s1f4,s1f0
s1f4,s1f0
s1f4,s1f0
s1f4,s1f0
s1f4,s1f0
s1f4,s1f0
s1f4,s1f0
s15a,s15a
s15a,s15a
s15a,s15a
s15a,s15a
s15a,s15a
s15a,s15a
s15a,s15a
s15a,s15a
s15a,s15a
s15a,s15a
s15a,s15a
s15a,s15a
s15a,s15a
s15a,s15a
s15a,s15a
s15a,s15a
s15a,s15a
s15a,s15a
s15a,s15a
s15a,s15a
s15a,s15a
s15a,s15a
s15a,s15a
s15a,s15a
s15a,s15a
s15a,s15a
s15a,s15a
s15a,s15a
s15a,s15a
s15a,s15a
s15a,s15a
s15a,s15a
s15a,s15a
s15a,s15a
s15a,s15a
s15a,s15a
s15a,s15a
s15a,s15a
s15a,s15a
s15a,s15a
s15a,s15a
s15a,s15a
s15a,s15a
s15a,s15a
s15a,s15a
s15a,s15a
s15a,s15a
s15a,s15a
s15a,s15a
s15a,s15a
s15a,s15a
s15a,s15a
s15a,s15a
s15a,s15a
s15a,s15a
s15a,s15a
s15a,s15a
s15a,s15a
s15a,s15a
s15a,s15a
s15a,s15a
s15a,s15a
s15a,s15a
s15a,s15a
s15a,s15a
s15a,s15a
s15a,s15a
s15a,s15a
s15a,s15a
s15a,s15a
s15a,s15a
s15a,s15a
s15a,s15a
s15a,s15a
s15a,s15a
s15a,s15a
s15a,s15a
s15a,s15a
s15a,s15a
s15a,s15a
s15a,s15a
s15a,s15a
s15a,s15a
s15a,s15a
s15a,s15a
s15a,s15a
s15a,s15a
s15a,s15a
s15a,s15a
s15a,s15a
s15a,s15a
s15a,s15a
s15a,s15a
s15a,s15a
s15a,s15a
s15a,s15a
s15a,s15a
s15a,s15a
s15a,s15a
s15a,s15a
s15a,s15a
s15a,s15a
s15a,s15a
s15a,s15a
s15a,s15a
s15a,s15a
s15a,s15a
s15a,s15a
s15a,s15a
s15a,s15a
s15a,s15a
s15a,s15a
s15a,s15a
s19c,s19c
s19c,s19c
s19c,s19c
s19c,s19c
s19c,s19c
s19c,s19c
s19c,s19c
s19c,s19c
s19c,s19c
s19c,s19c
s19c,s19c
s19c,s19c
s19c,s19c
s19c,s19c
s19c,s19c
s19c,s19c
s19c,s19c
s19c,s19c
s19c,s19c
s19c,s19c
s19c,s19c
s19c,s19c
s19c,s19c
s19c,s19c
s19c,s19c
s19c,s19c
s19c,s19c
s19c,s19c
s19c,s19c
s19c,s19c
s19c,s19c
s19c,s19c
s19c,s19c
s19c,s19c
s19c,s19c
s19c,s19c
s19c,s19c
s19c,s19c
s19c,s19c
s19c,s19c
s19c,s19c
s19c,s19c
s19c,s19c
s19c,s19c
s19c,s19c
s19c,s19c
s19c,s19c
s19c,s19c
s19c,s19c
s19c,s19c
s19c,s19c
s19c,s19c
s19c,s19c
s19c,s19c
s19c,s19c
s19c,s19c
s19c,s19c
s19c,s19c
s19c,s19c
s19c,s19c
s19c,s19c
s19c,s19c
s19c,s19c
s19c,s19c
s19c,s19c
s19c,s19c
s19c,s19c
s19c,s19c
s19c,s19c
s19c,s19c
s19c,s19c
s19c,s19c
s19c,s19c
s19c,s19c
s19c,s19c
s19c,s19c
s19c,s19c
s19c,s19c
s19c,s19c
s19c,s19c
s19c,s19c
s19c,s19c
s19c,s19c
s19c,s19c
s19c,s19c
s19c,s19c
s19c,s19c
s19c,s19c
s19c,s19c
s19c,s19c
s19c,s19c
s19c,s19c
s19c,s19c
s19c,s19c
s19c,s19c
s19c,s19c
s19c,s19c
s19c,s19c
s19c,s19c
s117,s115
s117,s115
s117,s115
s117,s115
s117,s115
s117,s115
s117,s115
s117,s115
s117,s115
s117,s115
s117,s115
s117,s115
s117,s115
s117,s115
s117,s115
s117,s115
s117,s115
s117,s115
s117,s115
s117,s115
s117,s115
s117,s115
s117,s115
s117,s117
s117,s115
s117,s115
s117,s115
s117,s115
s117,s115
s117,s115
s117,s115
s117,s115
s117,s115
s117,s115
s117,s115
s117,s115
s117,s115
s117,s115
s117,s115
s117,s115
s117,s115
s117,s115
s117,s115
s117,s115
s117,s115
s117,s115
s117,s115
s117,s115
s117,s115
s117,s117
s117,s115
s117,s117
s117,s117
s117,s117
s117,s117
s117,s117
s117,s117
s117,s117
s117,s117
s117,s117
s117,s115
s117,s115
s117,s115
s117,s115
s117,s115
s117,s115
s117,s115
s117,s115
s117,s115
s117,s115
s117,s115
s117,s115
s117,s115
s117,s115
s117,s115
s117,s115
s117,s115
s117,s115
s117,s115
s117,s115
s117,s115
s117,s115
s117,s115
s117,s115
s117,s115
s117,s115
s117,s115
s117,s115
s117,s115
s117,s115
s117,s115
s117,s115
s117,s115
s117,s115
s117,s115
s117,s115
s117,s115
s117,s115
s117,s115
s117,s115
s117,s115
s117,s115
s117,s115
s117,s115
s117,s115
s117,s115
s117,s115
s13f,s106
s13f,s13f
s13f,s1f4
s13f,s106
s13f,s117
s13f,s106
s13f,s106
s13f,s106
s13f,s106
s13f,s106
s13f,s106
s13f,s106
s13f,s106
s13f,s1f0
s13f,s1f4
s13f,s1f4
s13f,s1f4
s13f,s1f0
s13f,s1f0
s13f,s1f0
s13f,s1f0
s13f,s1f4
s13f,s1f4
s13f,s1f4
s13f,s1f4
s13f,s1f4
s13f,s1f4
s13f,s1f4
s13f,s1f4
s13f,s1f4
s13f,s1f4
s13f,s1f0
s13f,s1f0
s13f,s1f0
s13f,s1f0
s13f,s106
s13f,s117
s13f,s117
s13f,s1f0
s13f,s117
s13f,s106
s13f,s106
s13f,s1f0
s13f,s1f0
s13f,s1f0
s13f,s1f0
s13f,s1f0
s13f,s1f0
s13f,s1f4
s13f,s13f
s13f,s13f
s13f,s13f
s13f,s1f4
s13f,s1f4
s13f,s13f
s13f,s1f4
s13f,s1f4
s13f,s13f
s13f,s1f4
s13f,s13f
s13f,s13f
s13f,s13f
s13f,s13f
s13f,s13f
s13f,s13f
s13f,s13f
s13f,s13f
s13f,s13f
s13f,s13f
s13f,s1f4
s13f,s1f0
s13f,s1f4
s13f,s1f4
s13f,s1f0
s13f,s1f0
s13f,s106
s13f,s13f
s13f,s1f4
s13f,s117
s13f,s117
s13f,s117
s13f,s117
s13f,s110
s11e,s121
s11e,s121
s11e,s121
s11e,s121
s11e,s121
s11e,s121
s11e,s121
s11e,s121
s11e,s121
s11e,s121
s11e,s121
s11e,s121
s11e,s121
s11e,s121
s11e,s121
s11e,s121
s11e,s121
s11e,s121
s11e,s121
s11e,s121
s11e,s121
s11e,s121
s11e,s121
s11e,s121
s11e,s121
s11e,s121
s11e,s121
s11e,s121
s11e,s121
s11e,s121
s11e,s121
s11e,s121
s11e,s121
s11e,s121
s11e,s121
s11e,s121
s11e,s121
s11e,s121
s11e,s121
s11e,s121
s11e,s121
s11e,s121
s11e,s121
s11e,s121
s11e,s121
s11e,s121
s11e,s121
s11e,s121
s11e,s121
s11e,s121
s11e,s121
s11e,s121
s11e,s121
s11e,s121
s11e,s121
s11e,s121
s11e,s121
s11e,s121
s11e,s121
s11e,s121
s11e,s121
s11e,s121
s11e,s121
s11e,s121
s11e,s121
s11e,s121
s11e,s121
s11e,s121
s11e,s121
s11e,s121
s11e,s121
s11e,s121
s11e,s121
s11e,s121
s11e,s121
s11e,s121
s11e,s121
s11e,s121
s11e,s121
s11e,s121
s11e,s121
s11e,s121
s11e,s121
s11e,s121
s11e,s121
s11e,s121
s11e,s121
s11e,s121
s11e,s121
s11e,s121
s11e,s121
s11e,s121
s11e,s121
s11e,s121
s11e,s121
s11e,s121
s11e,s121
s11e,s121
s11e,s121
s11e,s121
s11e,s121
s11e,s121
s11e,s121
s11e,s121
s1f0,s100
s1f0,s1f4
s1f0,s1f0
s1f0,s100
s1f0,s100
s1f0,s100
s1f0,s100
s1f0,s100
s1f0,s100
s1f0,s1f4
s1f0,s1f4
s1f0,s1f4
s1f0,s1f4
s1f0,s1f4
s1f0,s1f4
s1f0,s1f4
s1f0,s1f4
s1f0,s1f4
s1f0,s1f4
s1f0,s1f4
s1f0,s1f4
s1f0,s1f4
s1f0,s1f4
s1f0,s1f4
s1f0,s1f4
s1f0,s1f4
s1f0,s1f4
s1f0,s1f4
s1f0,s1f4
s1f0,s1f4
s1f0,s100
s1f0,s100
s1f0,s100
s1f0,s1f0
s1f0,s100
s1f0,s100
s1f0,s100
s1f0,s100
s1f0,s100
s1f0,s100
s1f0,s100
s1f0,s100
s1f0,s100
s1f0,s1f0
s1f0,s1f4
s1f0,s1f4
s1f0,s1f4
s1f0,s1f4
s1f0,s1f4
s1f0,s1f4
s1f0,s1f4
s1f0,s1f4
s1f0,s1f4
s1f0,s1f4
s1f0,s1f4
s1f0,s1f4
s1f0,s1f4
s1f0,s1f4
s1f0,s1f4
s1f0,s1f0
s1f0,s1f0
s1f0,s1f0
s1f0,s100
s1f0,s100
s1f0,s100
s1f0,s100
s1f0,s100
s1f0,s100
s1f0,s100
s1f0,s100
s1f0,s100
s1f0,s100
s1f0,s100
s1f0,s100
s1f0,s100
s1f0,s100
s1f0,s100
s1f0,s100
s1f0,s100
s1f0,s100
s1f0,s100
s1f0,s1f0
s1f0,s1f0
s1f0,s1f4
s1f0,s1f4
s1f0,s1f4
s1f0,s1f4
s1f0,s1f4
s1f0,s1f4
s1f0,s1f4
s1f0,s1f4
s1f0,s1f4
s1f0,s1f4
s1f0,s1f4
s1f0,s1f4
s1f0,s1f4
s1f0,s1f4
s1f0,s1f4
s1f0,s1f4
s1f0,s1f4
s1f0,s1f4
s1f0,s1f4
s1f0,s1f4
s1f0,s1f4
s1f0,s1f4
s1f0,s1f4
s1f0,s1f4
s1f0,s1f4
s1f0,s1f4
s1f0,s1f4
s1f0,s1f4
s1f0,s1f4
s1f0,s1f4
s1f0,s1f4
s1f0,s1f4
s1f0,s1f4
s1f0,s1f4
s1f0,s1f4
s1f0,s1f4
s1f0,s1f4
s1f0,s1f4
s1f0,s1f4
s1f0,s1f4
s1f0,s1f4
s12d,s12d
s12d,s12d
s12d,s12d
s12d,s12d
s12d,s12d
s12d,s12d
s12d,s12d
s12d,s12d
s12d,s12d
s12d,s12d
s12d,s12d
s12d,s12d
s12d,s12d
s12d,s12d
s12d,s12d
s12d,s12d
s12d,s12d
s12d,s12d
s12d,s12d
s12d,s12d
s12d,s12d
s12d,s12d
s12d,s12d
s12d,s12d
s12d,s12d
s12d,s12d
s12d,s12d
s12d,s12d
s12d,s12d
s12d,s12d
s12d,s12d
s12d,s12d
s12d,s12d
s12d,s12d
s12d,s12d
s12d,s12d
s12d,s12d
s12d,s12d
s12d,s12d
s12d,s12d
s12d,s12d
s12d,s12d
s12d,s12d
s12d,s12d
s12d,s12d
s12d,s12d
s12d,s12d
s12d,s12d
s12d,s12d
s12d,s12d
s12d,s12d
s12d,s12d
s12d,s12d
s12d,s12d
s12d,s12d
s12d,s12d
s12d,s12d
s12d,s12d
s12d,s12d
s12d,s12d
s12d,s12d
s12d,s12d
s12d,s12d
s12d,s12d
s12d,s12d
s12d,s12d
s12d,s12d
s12d,s12d
s12d,s12d
s12d,s12d
s12d,s12d
s12d,s12d
s12d,s12d
s12d,s12d
s12d,s12d
s12d,s12d
s12d,s12d
s12d,s12d
s12d,s12d
s12d,s12d
s12d,s12d
s12d,s12d
s12d,s12d
s12d,s12d
s12d,s12d
s12d,s12d
s12d,s12d
s12d,s12d
s12d,s12d
s12d,s12d
s12d,s12d
s12d,s12d
s12d,s12d
s12d,s12d
s12d,s12d
s12d,s12d
s12d,s12d
s12d,s12d
s12d,s12d
s12d,s12d
s12d,s12d
s12d,s12d
s12d,s12d
s12d,s12d
s144,s144
s144,s144
s144,s144
s144,s144
s144,s144
s144,s144
s144,s144
s144,s144
s144,s144
s144,s144
s144,s144
s144,s144
s144,s144
s144,s144
s144,s144
s144,s144
s144,s144
s144,s144
s144,s144
s144,s144
s144,s144
s144,s144
s144,s144
s144,s144
s144,s144
s144,s144
s144,s144
s144,s144
s144,s144
s144,s144
s144,s144
s144,s144
s144,s144
s144,s144
s144,s144
s144,s144
s144,s144
s144,s144
s144,s144
s144,s144
s144,s144
s144,s144
s144,s144
s144,s144
s144,s144
s144,s144
s144,s144
s144,s144
s144,s144
s144,s144
s144,s144
s144,s144
s144,s144
s144,s144
s144,s144
s144,s144
s144,s144
s144,s144
s144,s144
s144,s144
s144,s144
s144,s144
s144,s144
s144,s144
s144,s144
s144,s144
s144,s144
s144,s144
s144,s144
s144,s144
s144,s144
s144,s144
s144,s144
s144,s144
s144,s144
s144,s144
s144,s144
s144,s144
s144,s144
s144,s144
s144,s144
s144,s144
s144,s144
s144,s144
s144,s144
s144,s144
s144,s144
s144,s144
s144,s144
s144,s144
s144,s144
s144,s144
s144,s144
s144,s144
s144,s144
s18f,s18f
s18f,s18f
s18f,s18f
s18f,s18f
s18f,s18f
s18f,s18f
s18f,s18f
s18f,s18f
s18f,s18f
s18f,s18f
s18f,s18f
s18f,s18f
s18f,s18f
s18f,s18f
s18f,s18f
s18f,s18f
s18f,s18f
s18f,s18f
s18f,s18f
s18f,s18f
s18f,s18f
s18f,s18f
s18f,s18f
s18f,s18f
s18f,s18f
s18f,s18f
s18f,s18f
s18f,s18f
s18f,s18f
s18f,s18f
s18f,s18f
s18f,s18f
s18f,s18f
s18f,s18f
s18f,s18f
s18f,s18f
s18f,s18f
s18f,s18f
s18f,s18f
s18f,s18f
s18f,s18f
s18f,s18f
s18f,s18f
s18f,s18f
s18f,s18f
s18f,s18f
s18f,s18f
s18f,s18f
s18f,s18f
s18f,s18f
s18f,s18f
s18f,s18f
s18f,s18f
s18f,s18f
s18f,s18f
s18f,s18f
s18f,s18f
s18f,s18f
s18f,s18f
s18f,s18f
s18f,s18f
s18f,s18f
s18f,s18f
s18f,s18f
s18f,s18f
s18f,s18f
s18f,s18f
s18f,s18f
s18f,s18f
s18f,s18f
s18f,s18f
s18f,s18f
s18f,s18f
s18f,s18f
s18f,s18f
s18f,s18f
s18f,s18f
s18f,s18f
s18f,s18f
s18f,s18f
s18f,s18f
s18f,s18f
s18f,s18f
s18f,s18f
s18f,s18f
s18f,s18f
s18f,s18f
s18f,s18f
s18f,s18f
s18f,s18f
s18f,s18f
s18f,s18f
s18f,s18f
s18f,s18f
s18f,s18f
s18f,s18f
s18f,s18f
s18f,s18f
s18f,s18f
s18f,s18f
s18f,s18f
s18f,s18f
s18f,s18f
s18f,s18f
s18f,s18f
s1dc,s1dc
s1dc,s1dc
s1dc,s1dc
s1dc,s1dc
s1dc,s100
s1dc,s100
s1dc,s100
s1dc,s100
s1dc,s100
s1dc,s100
s1dc,s100
s1dc,s1f0
s1dc,s100
s1dc,s100
s1dc,s100
s1dc,s100
s1dc,s100
s1dc,s1dc
s1dc,s100
s1dc,s100
s1dc,s100
s1dc,s1dc
s1dc,s100
s1dc,s1dc
s1dc,s1dc
s1dc,s1f0
s1dc,s1dc
s1dc,s1dc
s1dc,s1dc
s1dc,s1dc
s1dc,s1dc
s1dc,s1dc
s1dc,s1dc
s1dc,s100
s1dc,s1dc
s1dc,s1dc
s1dc,s1dc
s1dc,s1dc
s1dc,s1dc
s1dc,s1dc
s1dc,s1dc
s1dc,s1dc
s1dc,s1dc
s1dc,s1dc
s1dc,s1dc
s1dc,s1dc
s1dc,s1dc
s1dc,s1dc
s1dc,s1dc
s1dc,s1dc
s1dc,s1dc
s1dc,s1dc
s1dc,s100
s1dc,s100
s1dc,s100
s1dc,s1dc
s1dc,s1dc
s1dc,s1dc
s1dc,s100
s1dc,s100
s1dc,s1dc
s1dc,s100
s1dc,s1dc
s1dc,s1dc
s1dc,s1dc
s1dc,s1dc
s1dc,s1dc
s1dc,s1dc
s1dc,s1dc
s1dc,s1dc
s1dc,s1dc
s1dc,s100
s1dc,s100
s1dc,s100
s1dc,s100
s1dc,s100
s1dc,s1dc
s1dc,s1dc
s1dc,s1dc
s1dc,s1dc
s1dc,s100
s1dc,s1dc
s1dc,s100
s1dc,s1dc
s1dc,s1dc
s1dc,s1dc
s1dc,s1dc
s1dc,s1dc
s1dc,s1dc
s1dc,s1dc
s1dc,s1dc
s1dc,s1dc
s1dc,s1dc
s1dc,s1dc
s1dc,s1dc
s1dc,s1dc
s1dc,s1dc
s1dc,s1dc
s1e1,s1f0
s1e1,s1f0
s1e1,s1f0
s1e1,s1f0
s1e1,s1f0
s1e1,s1f0
s1e1,s1f0
s1e1,s1f0
s1e1,s1f0
s1e1,s1f0
s1e1,s1f0
s1e1,s1f0
s1e1,s1f0
s1e1,s1f0
s1e1,s1f0
s1e1,s1f0
s1e1,s1f0
s1e1,s1f0
s1e1,s1f0
s1e1,s1f0
s1e1,s1f0
s1e1,s1f0
s1e1,s1f0
s1e1,s1dc
s1e1,s1dc
s1e1,s1f0
s1e1,s1dc
s1e1,s1dc
s1e1,s1dc
s1e1,s1f0
s1e1,s1f0
s1e1,s1f0
s1e1,s1f0
s1e1,s1f0
s1e1,s1f0
s1e1,s1f0
s1e1,s1f0
s1e1,s1f0
s1e1,s1f0
s1e1,s1f0
s1e1,s1f0
s1e1,s1f0
s1e1,s1f0
s1e1,s1f0
s1e1,s1f0
s1e1,s1f0
s1e1,s1f0
s1e1,s1f0
s1e1,s1f0
s1e1,s1f0
s1e1,s1f0
s1e1,s1f0
s1e1,s1f0
s1e1,s1f0
s1e1,s1f0
s1e1,s1f0
s1e1,s1f0
s1e1,s1f0
s1e1,s1dc
s1e1,s1dc
s1e1,s1dc
s1e1,s1dc
s1e1,s1dc
s1e1,s1dc
s1e1,s1dc
s1e1,s1dc
s1e1,s1dc
s1e1,s1dc
s1e1,s1dc
s1e1,s1dc
s1e1,s1dc
s1e1,s1dc
s1e1,s1dc
s1e1,s1f0
s1e1,s1f0
s1e1,s1f0
s1e1,s1f0
s1e1,s1f0
s1e1,s1f0
s1e1,s1f0
s1e1,s1f0
s1e1,s1f0
s1e1,s1f0
s1e1,s1f0
s1e1,s1f0
s1e1,s1f0
s1e1,s1f0
s1e1,s1f0
s1e1,s1f0
s1e1,s1f0
s1e1,s1f0
s1e1,s1f0
s1e1,s1f0
s1e1,s1f0
s1e1,s1f0
s1e1,s1f0
s1e1,s1dc
s1e1,s1dc
s1e1,s1f0
s1e1,s1dc
s1e1,s1dc
s1e1,s1dc
s1e1,s1dc
s1e1,s1dc
s1e1,s1dc
s1e1,s1dc
s1e1,s1dc
s1e1,s1dc
s1e1,s1dc
s1e1,s1dc
s1e1,s1f0
s1e1,s1f0
s1e1,s1f0
s1e1,s1f0
s1e1,s1f0
s1e1,s1f0
s1e1,s1f0
s1e1,s1f0
s1e1,s1f0
s1e1,s1f0
s1e1,s1f0
s1e1,s1f0
s1e1,s1f0
s1e1,s1f0
s1e1,s1f0
s1e1,s1f0
s1e1,s1f0
s1e1,s1f0
s1e1,s1dc
s1e1,s1f0
s1d0,s1d0
s1d0,s1ce
s1d0,s1ce
s1d0,s1d0
s1d0,s1ce
s1d0,s1ce
s1d0,s1ce
s1d0,s1ce
s1d0,s1d0
s1d0,s1ce
s1d0,s1ce
s1d0,s1ce
s1d0,s1ce
s1d0,s1ce
s1d0,s1ce
s1d0,s1ce
s1d0,s1ce
s1d0,s1d0
s1d0,s1ce
s1d0,s1ce
s1d0,s1ce
s1d0,s1ce
s1d0,s1ce
s1d0,s1ce
s1d0,s1ce
s1d0,s1ce
s1d0,s1ce
s1d0,s1ce
s1d0,s1ce
s1d0,s1ce
s1d0,s1d0
s1d0,s1d0
s1d0,s15a
s1d0,s1d0
s1d0,s1d0
s1d0,s1d0
s1d0,s1ce
s1d0,s1d0
s1d0,s1ce
s1d0,s1ce
s1d0,s1ce
s1d0,s1ce
s1d0,s1d0
s1d0,s1d0
s1d0,s1ce
s1d0,s1ce
s1d0,s1d0
s1d0,s1d0
s1d0,s1ce
s1d0,s1ce
s1d0,s14c
s1d0,s14c
s1d0,s1d0
s1d0,s1d0
s1d0,s150
s1d0,s1d0
s1d0,s1d0
s1d0,s1d0
s1d0,s1ce
s1d0,s1ce
s1d0,s1ce
s1d0,s1ce
s1d0,s1ce
s1d0,s1ce
s1d0,s1ce
s1d0,s1ce
s1d0,s1ce
s1d0,s1ce
s1d0,s1ce
s1d0,s1ce
s1d0,s1ce
s1d0,s1ce
s1d0,s1ce
s1d0,s1ce
s1d0,s1ce
s1d0,s1ce
s1d0,s1ce
s1d0,s1ce
s1d0,s1ce
s1d0,s1ce
s1d0,s1ce
s1d0,s1ce
s1d0,s1ce
s1d0,s1ce
s1d0,s1ce
s1d0,s1ce
s1d0,s1ce
s1d0,s1ce
s1d0,s1ce
s150,s14c
s150,s14c
s150,s1c0
s150,s1c0
s150,s1c0
s150,s1c0
s150,s1c0
s150,s1c0
s150,s1c0
s150,s1c0
s150,s1c0
s150,s1c0
s150,s1c0
s150,s1c0
s150,s1c0
s150,s1c0
s150,s14c
s150,s1c0
s150,s1c0
s150,s1c0
s150,s1c0
s150,s1c0
s150,s14c
s150,s150
s150,s14c
s150,s1c0
s150,s1c0
s150,s14c
s150,s1c0
s150,s1c0
s150,s1c0
s150,s150
s150,s14c
s150,s14c
s150,s1c0
s150,s1c0
s150,s1c0
s150,s1c0
s150,s1c0
s150,s1c0
s150,s1c0
s150,s1c0
s150,s1c0
s150,s1c0
s150,s150
s150,s150
s150,s150
s150,s150
s150,s150
s150,s150
s150,s150
s150,s1c0
s150,s150
s150,s150
s150,s150
s150,s150
s150,s150
s150,s150
s150,s150
s150,s150
s150,s150
s150,s150
s150,s150
s150,s150
s150,s150
s150,s150
s150,s150
s150,s150
s150,s150
s150,s150
s150,s150
s150,s150
s150,s150
s150,s150
s150,s150
s150,s150
s150,s150
s150,s150
s150,s150
s150,s150
s150,s150
s150,s150
s150,s150
s150,s150
s150,s16d
s150,s16d
s150,s150
s150,s150
s150,s16d
s150,s16d
s150,s16d
s150,s16d
s150,s150
s150,s16d
s150,s150
s150,s150
s150,s16d
s150,s16d
s150,s150
s150,s150
s150,s16d
s150,s16d
s150,s16d
s150,s150
s150,s1c0
s150,s1c0
s150,s1c0
s150,s1c0
s150,s1c0
s150,s1c0
s150,s1c0
s185,s185
s185,s185
s185,s185
s185,s185
s185,s185
s185,s185
s185,s185
s185,s185
s185,s185
s185,s185
s185,s185
s185,s185
s185,s185
s185,s185
s185,s185
s185,s185
s185,s185
s185,s185
s185,s185
s185,s185
s185,s185
s185,s185
s185,s185
s185,s185
s185,s185
s185,s185
s185,s185
s185,s185
s185,s185
s185,s185
s185,s185
s185,s185
s185,s185
s185,s185
s185,s185
s185,s185
s185,s185
s185,s185
s185,s185
s185,s185
s185,s185
s185,s185
s185,s185
s185,s185
s185,s185
s185,s185
s185,s185
s185,s185
s185,s185
s185,s185
s185,s185
s185,s185
s185,s185
s185,s185
s185,s185
s185,s185
s185,s185
s185,s185
s185,s185
s185,s185
s185,s185
s185,s185
s185,s185
s185,s185
s185,s185
s185,s185
s185,s185
s185,s185
s185,s185
s185,s185
s185,s185
s185,s185
s185,s185
s185,s185
s185,s185
s185,s185
s185,s185
s185,s185
s185,s185
s185,s185
s185,s185
s185,s185
s185,s185
s185,s185
s185,s185
s185,s185
s185,s185
s185,s185
s185,s185
s185,s185
s185,s185
s185,s185
s185,s185
s185,s185
s185,s185
s185,s185
s185,s185
s185,s185
s185,s185
s185,s185
s185,s185
s185,s185
s185,s185
s185,s185
s185,s185
s185,s185
s185,s185
s185,s185
s185,s185
s185,s185
s1a0,s1a0
s1a0,s1a0
s1a0,s1a0
s1a0,s1a0
s1a0,s1a0
s1a0,s1a0
s1a0,s1a0
s1a0,s1a0
s1a0,s1a0
s1a0,s1a0
s1a0,s1a0
s1a0,s1a0
s1a0,s1a0
s1a0,s1a0
s1a0,s1a0
s1a0,s1a0
s1a0,s1a0
s1a0,s1a0
s1a0,s1a0
s1a0,s1a0
s1a0,s1a0
s1a0,s1a0
s1a0,s1a0
s1a0,s1a0
s1a0,s1a0
s1a0,s1a0
s1a0,s1a0
s1a0,s1a0
s1a0,s1a0
s1a0,s1a0
s1a0,s1a0
s1a0,s1a0
s1a0,s1a0
s1a0,s1a0
s1a0,s1a0
s1a0,s1a0
s1a0,s1a0
s1a0,s1a0
s1a0,s1a0
s1a0,s1a0
s1a0,s1a0
s1a0,s1a0
s1a0,s1a0
s1a0,s1a0
s1a0,s1a0
s1a0,s1a0
s1a0,s1a0
s1a0,s1a0
s1a0,s1a0
s1a0,s1a0
s1a0,s1a0
s1a0,s1a0
s1a0,s1a0
s1a0,s1a0
s1a0,s1a0
s1a0,s1a0
s1a0,s1a0
s1a0,s1a0
s1a0,s1a0
s1a0,s1a0
s1a0,s1a0
s1a0,s1a0
s1a0,s1a0
s1a0,s1a0
s1a0,s1a0
s1a0,s1a0
s1a0,s1a0
s1a0,s1a0
s1a0,s1a0
s1a0,s1a0
s1a0,s1a0
s1a0,s1a0
s1a0,s1a0
s1a0,s1a0
s1a0,s1a0
s1a0,s1a0
s1a0,s1a0
s1a0,s1a0
s1a0,s1a0
s1a0,s1a0
s1a0,s1a0
s1a0,s1a0
s1a0,s1a0
s1a0,s1a0
s1a0,s1a0
s1a0,s1a0
s1a0,s1a0
s18c,s18c
s18c,s18c
s18c,s18c
s18c,s18c
s18c,s18c
s18c,s18c
s18c,s18c
s18c,s18c
s18c,s18c
s18c,s18c
s18c,s18c
s18c,s18c
s18c,s18c
s18c,s18c
s18c,s18c
s18c,s18c
s18c,s18c
s18c,s18c
s18c,s18c
s18c,s18c
s18c,s18c
s18c,s18c
s18c,s18c
s18c,s18c
s18c,s18c
s18c,s18c
s18c,s18c
s18c,s18c
s18c,s18c
s18c,s18c
s18c,s18c
s18c,s18c
s18c,s18c
s18c,s18c
s18c,s18c
s18c,s18c
s18c,s18c
s18c,s18c
s18c,s18c
s18c,s18c
s18c,s18c
s18c,s18c
s18c,s18c
s18c,s18c
s18c,s18c
s18c,s18c
s18c,s18c
s18c,s18c
s18c,s18c
s18c,s18c
s18c,s18c
s18c,s18c
s18c,s18c
s18c,s18c
s18c,s18c
s18c,s18c
s18c,s18c
s18c,s18c
s18c,s18c
s18c,s18c
s18c,s18c
s18c,s18c
s18c,s18c
s18c,s18c
s18c,s18c
s18c,s18c
s18c,s18c
s18c,s18c
s18c,s18c
s18c,s18c
s18c,s18c
s18c,s18c
s18c,s18c
s18c,s18c
s18c,s18c
s18c,s18c
s18c,s18c
s18c,s18c
s18c,s18c
s18c,s18c
s18c,s18c
s18c,s18c
s18c,s18c
s18c,s18c
s18c,s18c
s18c,s18c
s18c,s18c
s18c,s18c
s18c,s18c
s1b0,s1b0
s1b0,s1b0
s1b0,s1b0
s1b0,s1b0
s1b0,s1b0
s1b0,s1b0
s1b0,s1b0
s1b0,s1b0
s1b0,s1b0
s1b0,s1b0
s1b0,s1b0
s1b0,s1b0
s1b0,s1b0
s1b0,s1b0
s1b0,s1b0
s1b0,s1b0
s1b0,s1b0
s1b0,s1b0
s1b0,s1b0
s1b0,s1b0
s1b0,s1b0
s1b0,s1b0
s1b0,s1b0
s1b0,s1b0
s1b0,s1b0
s1b0,s1b0
s1b0,s1b0
s1b0,s1b0
s1b0,s1b0
s1b0,s1b0
s1b0,s1b0
s1b0,s1b0
s1b0,s1b0
s1b0,s1b0
s1b0,s1b0
s1b0,s1b0
s1b0,s1b0
s1b0,s1b0
s1b0,s1b0
s1b0,s1b0
s1b0,s1b0
s1b0,s1b0
s1b0,s1b0
s1b0,s1b0
s1b0,s1b0
s1b0,s1b0
s1b0,s1b0
s1b0,s1b0
s1b0,s1b0
s1b0,s1b0
s1b0,s1b0
s1b0,s1b0
s1b0,s1b0
s1b0,s1b0
s1b0,s1b0
s1b0,s1b0
s1b0,s1b0
s1b0,s1b0
s1b0,s1b0
s1b0,s1b0
s1b0,s1b0
s1b0,s1b0
s1b0,s1b0
s1b0,s1b0
s1b0,s1b0
s1b0,s1b0
s1b0,s1b0
s1b0,s1b0
s1b0,s1b0
s1b0,s1b0
s1b0,s1b0
s1b0,s1b0
s1b0,s1b0
s1b0,s1b0
s1b0,s1b0
s1b0,s1b0
s1b0,s1b0
s1b0,s1b0
s1b0,s1b0
s1b0,s1b0
s1b0,s1b0
s1b0,s1b0
s1b0,s1b0
s1b0,s1b0
s1b0,s1b0
s1b0,s1b0
s1b0,s1b0
s1b0,s1b0
s1b0,s1b0
s1b0,s1b0
s1b0,s1b0
s1b0,s1b0
s1b0,s1b0
s1b0,s1b0
s1b0,s1b0
s1b0,s1b0
s1b0,s1b0
s1b0,s1b0
s1b0,s1b0
s1b0,s1b0
s1b0,s1b0
s1b0,s1b0
s1b0,s1b0
s1b0,s1b0
s1b0,s1b0
s1b0,s1b0
s1b0,s1b0
s1b0,s1b0
s1b0,s1b0
s1b0,s1b0
s1b0,s1b0
s1b0,s1b0
s1b0,s1b0
s1b0,s1b0
s1b0,s1b0
s1b0,s1b0
s1b0,s1b0
s1b0,s1b0
s1ce,s1ce
s1ce,s1ce
s1ce,s1ce
s1ce,s1ce
s1ce,s1ce
s1ce,s1ce
s1ce,s1ce
s1ce,s1ce
s1ce,s1ce
s1ce,s1ce
s1ce,s1ce
s1ce,s1ce
s1ce,s1ce
s1ce,s1ce
s1ce,s1ce
s1ce,s1ce
s1ce,s1ce
s1ce,s1ce
s1ce,s1ce
s1ce,s1ce
s1ce,s1ce
s1ce,s1ce
s1ce,s1ce
s1ce,s1ce
s1ce,s1ce
s1ce,s1ce
s1ce,s1ce
s1ce,s1ce
s1ce,s1ce
s1ce,s1ce
s1ce,s1ce
s1ce,s1ce
s1ce,s1ce
s1ce,s1ce
s1ce,s1ce
s1ce,s1ce
s1ce,s1ce
s1ce,s1ce
s1ce,s1ce
s1ce,s1ce
s1ce,s1ce
s1ce,s1ce
s1ce,s1ce
s1ce,s1ce
s1ce,s1ce
s1ce,s1ce
s1ce,s1ce
s1ce,s1ce
s1ce,s1ce
s1ce,s1ce
s1ce,s1ce
s1ce,s1ce
s1ce,s1ce
s1ce,s1ce
s1ce,s1ce
s1ce,s1ce
s1ce,s1ce
s1ce,s1ce
s1ce,s1ce
s1ce,s1ce
s1ce,s1ce
s1ce,s1ce
s1ce,s1ce
s1ce,s1ce
s1ce,s1ce
s1ce,s1ce
s1ce,s1ce
s1ce,s1ce
s1ce,s1ce
s1ce,s1ce
s1ce,s1ce
s1ce,s1ce
s1ce,s1ce
s1ce,s1ce
s1ce,s1ce
s1ce,s1ce
s1ce,s1ce
s1ce,s1ce
s1ce,s1ce
s1ce,s1ce
s1ce,s1ce
s1ce,s1ce
s1c0,s1c0
s1c0,s1c0
s1c0,s16d
s1c0,s1c0
s1c0,s1c0
s1c0,s1c0
s1c0,s1c0
s1c0,s16d
s1c0,s1c0
s1c0,s1c0
s1c0,s1c0
s1c0,s1c0
s1c0,s1c0
s1c0,s1c0
s1c0,s1c0
s1c0,s1c0
s1c0,s1c0
s1c0,s1c0
s1c0,s1c0
s1c0,s1c0
s1c0,s1c0
s1c0,s1c0
s1c0,s1c0
s1c0,s1c0
s1c0,s1c0
s1c0,s1c0
s1c0,s1c0
s1c0,s1c0
s1c0,s1c0
s1c0,s1c0
s1c0,s1c0
s1c0,s1c0
s1c0,s1c0
s1c0,s1c0
s1c0,s1c0
s1c0,s1c0
s1c0,s1c0
s1c0,s1c0
s1c0,s1c0
s1c0,s1c0
s1c0,s1c0
s1c0,s1c0
s1c0,s1c0
s1c0,s1c0
s1c0,s1c0
s1c0,s1c0
s1c0,s1c0
s1c0,s1c0
s1c0,s1c0
s1c0,s1c0
s1c0,s1c0
s1c0,s1c0
s1c0,s1c0
s1c0,s1c0
s1c0,s1c0
s1c0,s1c0
s1c0,s1c0
s1c0,s1c0
s1c0,s1c0
s1c0,s1c0
s1c0,s1c0
s1c0,s1c0
s1c0,s1c0
s1c0,s1c0
s1c0,s1c0
s1c0,s1c0
s1c0,s1c0
s1c0,s1c0
s1c0,s1c0
s1c0,s1c0
s1c0,s1c0
s1c0,s1c0
s1c0,s1c0
s1c0,s1c0
s1c0,s1c0
s1c0,s1c0
s1c0,s1c0
s1c0,s1c0
s1c0,s1c0
s1c0,s1c0
s1c0,s1c0
s1c0,s1c0
s1c0,s1c0
s1c0,s1c0
s1c0,s1c0
s1c0,s1c0
s1c0,s1c0
s1c0,s1c0
s1c0,s1c0
s1c0,s1c0
s1c0,s1c0
s1c0,s1c0
s1c0,s1c0
s1c0,s1c0
s1c0,s1c0
s1c0,s1c0
s1c0,s1c0
s1c0,s1c0
s1c0,s1c0
s121,s121
s106,s106
s106,s100
s106,s100
s106,s100
s106,s100
s106,s100
s106,s100
s106,s100
s106,s100
s106,s100
s106,s100
s106,s100
s106,s100
s106,s100
s106,s100
s106,s100
s106,s100
s106,s100
s106,s100
s106,s100
s106,s100
s106,s100
s106,s100
s106,s100
s106,s100
s106,s100
s106,s100
s106,s100
s106,s100
s106,s100
s106,s100
s106,s100
s106,s100
s106,s100
s106,s100
s106,s100
s106,s100
s106,s100
s106,s100
s106,s100
s106,s100
s106,s100
s106,s100
s106,s100
s106,s100
s106,s100
s106,s100
s106,s100
s106,s100
s106,s100
s106,s100
s106,s100
s106,s100
s106,s100
s106,s100
s106,s100
s106,s100
s106,s100
s106,s100
s106,s100
s106,s100
s106,s100
s106,s100
s106,s100
s106,s100
s106,s100
s106,s100
s106,s100
s106,s100
s106,s100
s106,s100
s106,s100
s106,s100
s106,s100
s106,s100
s106,s100
s106,s100
s106,s106
s106,s106
s106,s106
s106,s106
s106,s100
s106,s106
s106,s100
s106,s100
s106,s100
s106,s100
s106,s100
s106,s100
s106,s100
s106,s100
s106,s100
s106,s100
s106,s100
s106,s100
s106,s100
s106,s100
s106,s100
s106,s100
s106,s100
s106,s100
s106,s100
s106,s106
s106,s106
s106,s106
s106,s106
s106,s106
s106,s106
s106,s106
s106,s106
s106,s106
s106,s106
s106,s106
s106,s106
s106,s1f0
s106,s1f0
s106,s1f0
s106,s106
s106,s1f0
s106,s106
s106,s106
s106,s1f0
s106,s1f0
s106,s1f0
s106,s1f0
s106,s1f0
s106,s1f0
s106,s1f0
s115,s115
s115,s115
s115,s115
s115,s115
s115,s115
s115,s115
s115,s115
s115,s115
s115,s115
s115,s115
s115,s115
s115,s115
s115,s115
s115,s115
s115,s115
s115,s115
s115,s115
s115,s115
s115,s115
s115,s115
s115,s115
s115,s115
s115,s115
s115,s115
s115,s115
s115,s115
s115,s115
s115,s115
s115,s115
s115,s115
s115,s115
s115,s115
s115,s115
s115,s115
s115,s115
s115,s115
s115,s115
s115,s115
s115,s115
s115,s115
s115,s115
s115,s115
s115,s115
s115,s115
s115,s115
s115,s115
s115,s115
s115,s115
s115,s115
s115,s115
s115,s115
s115,s115
s115,s115
s115,s115
s115,s115
s115,s115
s115,s115
s115,s115
s115,s115
s115,s115
s115,s115
s115,s115
s115,s115
s115,s115
s115,s115
s115,s115
s115,s115
s115,s115
s115,s115
s115,s115
s115,s115
s115,s115
s115,s115
s115,s115
s115,s115
s115,s115
s115,s115
s115,s115
s115,s115
s115,s115
s115,s115
s115,s115
s115,s115
s115,s115
s115,s115
s115,s115
s115,s115
s115,s115
s115,s115
s115,s115
s115,s115
s115,s115
s115,s115
s115,s115
s115,s115
s115,s115
s115,s115
s115,s115
s115,s115
s115,s115
s115,s115
s115,s115
s1bb,s1c0
s1bb,s1c0
s1bb,s1c0
s1bb,s1c0
s1bb,s1c0
s1bb,s1c0
s1bb,s1c0
s1bb,s1c0
s1bb,s1c0
s1bb,s1c0
s1bb,s1c0
s1bb,s1c0
s1bb,s1c0
s1bb,s1c0
s1bb,s1c0
s1bb,s1c0
s1bb,s1c0
s1bb,s1c0
s1bb,s1c0
s1bb,s1c0
s1bb,s1c0
s1bb,s1c0
s1bb,s1c0
s1bb,s1c0
s1bb,s1c0
s1bb,s1c0
s1bb,s1c0
s1bb,s1c0
s1bb,s1c0
s1bb,s1c0
s1bb,s1c0
s1bb,s1c0
s1bb,s1c0
s1bb,s1c0
s1bb,s1c0
s1bb,s1c0
s1bb,s1bb
s1bb,s1bb
s1bb,s1c0
s1bb,s1c0
s1bb,s1c0
s1bb,s1c0
s1bb,s1c0
s1bb,s1c0
s1bb,s1c0
s1bb,s1c0
s1bb,s1c0
s1bb,s1c0
s1bb,s1c0
s1bb,s1c0
s1bb,s1c0
s1bb,s1c0
s1bb,s1c0
s1bb,s1c0
s1bb,s1c0
s1bb,s1c0
s1bb,s1c0
s1bb,s1c0
s1bb,s1c0
s1bb,s1c0
s1bb,s1c0
s1bb,s1c0
s1bb,s1c0
s1bb,s1c0
s1bb,s1c0
s1bb,s1c0
s1bb,s1c0
s1bb,s1c0
s1bb,s1c0
s1bb,s1c0
s1bb,s1c0
s1bb,s1c0
s1bb,s1c0
s1bb,s1c0
s1bb,s1c0
s1bb,s1c0
s1bb,s1c0
s1bb,s1c0
s1bb,s1c0
s1bb,s1c0
s1bb,s1c0
s1bb,s1c0
s1bb,s1c0
s1bb,s1c0
s1bb,s1c0
s1bb,s1c0
s1bb,s1c0
s1bb,s1c0
s1bb,s1c0
s1bb,s1c0
s1bb,s1c0
s1bb,s1c0
s1bb,s1c0
s1bb,s1c0
s1bb,s1c0
s1bb,s1c0
s1bb,s1c0
s1bb,s1c0
s1bb,s1c0
s1bb,s1c0
s182,s182
s182,s1b0
s182,s185
s182,s185
s182,s185
s182,s185
s182,s16d
s182,s185
s182,s182
s182,s182
s182,s182
s182,s182
s182,s185
s182,s182
s182,s185
s182,s182
s182,s182
s182,s16d
s182,s182
s182,s16d
s182,s185
s182,s180
s182,s182
s182,s182
s182,s182
s182,s182
s182,s182
s182,s182
s182,s192
s182,s1b0
s182,s1b0
s182,s182
s182,s182
s182,s182
s182,s182
s182,s182
s182,s182
s182,s182
s182,s182
s182,s182
s182,s182
s182,s182
s182,s182
s182,s182
s182,s182
s182,s182
s182,s182
s182,s182
s182,s182
s182,s182
s182,s182
s182,s185
s182,s182
s182,s182
s182,s185
s182,s185
s182,s185
s182,s185
s182,s182
s182,s185
s182,s185
s182,s182
s182,s182
s182,s180
s182,s185
s182,s16d
s182,s185
s182,s185
s182,s182
s182,s185
s182,s182
s182,s1c0
s182,s185
s182,s182
s182,s185
s182,s182
s182,s182
s182,s182
s182,s182
s182,s1b0
s182,s182
s182,s180
s182,s185
s182,s182
s182,s182
s182,s182
s182,s182
s182,s182
s182,s182
s182,s182
s182,s182
s182,s182
s182,s182
s182,s182
s182,s182
s182,s182
s182,s180
s182,s182
s182,s182
s182,s182
s182,s182
s182,s182
s182,s182
s182,s182
s182,s180
s182,s180
s121,s121
s121,s121
s121,s121
s121,s121
s121,s121
s121,s121
s121,s121
s121,s121
s121,s121
s121,s121
s121,s121
s121,s121
s121,s121
s121,s121
s121,s121
s121,s121
s121,s121
s121,s121
s121,s121
s121,s121
s121,s121
s121,s121
s121,s121
s121,s121
s121,s121
s121,s121
s121,s121
s121,s121
s121,s121
s121,s121
s121,s121
s121,s121
s121,s121
s121,s121
s121,s121
s121,s121
s121,s121
s121,s121
s121,s121
s121,s121
s121,s121
s121,s121
s121,s121
s121,s121
s121,s121
s121,s121
s121,s121
s121,s121
s121,s121
s121,s121
s121,s121
s121,s121
s121,s121
s121,s121
s121,s121
s121,s121
s121,s121
s121,s121
s121,s121
s121,s121
s121,s121
s121,s121
s121,s121
s121,s121
s121,s121
s121,s121
s121,s121
s121,s121
s121,s121
s121,s121
s121,s121
s121,s121
s121,s121
s121,s121
s121,s121
s121,s121
s121,s121
s121,s121
s121,s121
s121,s121
s121,s121
s121,s121
s121,s121
s121,s121
s121,s121
s121,s121
s121,s121
s121,s121
s121,s121
s121,s121
s121,s121
s121,s121
s121,s121
s121,s121
s121,s121
s121,s121
s121,s121
s121,s121
s121,s121
s121,s121
s121,s121
s121,s121
s121,s121
s121,s121
s121,s121
s121,s121
s121,s121
s19a,s19a
s19a,s19a
s19a,s19a
s19a,s19a
s19a,s19a
s19a,s19a
s19a,s19a
s19a,s19a
s19a,s19a
s19a,s19a
s19a,s19a
s19a,s19a
s19a,s19a
s19a,s19a
s19a,s19a
s19a,s19a
s19a,s19a
s19a,s19a
s19a,s19a
s19a,s19a
s19a,s19a
s19a,s19a
s19a,s19a
s19a,s19a
s19a,s19a
s19a,s19a
s19a,s19a
s19a,s19a
s19a,s19a
s19a,s19a
s19a,s19a
s19a,s19a
s19a,s19a
s19a,s19a
s19a,s19a
s19a,s19a
s19a,s19a
s19a,s19a
s19a,s19a
s19a,s19a
s19a,s19a
s19a,s19a
s19a,s19a
s19a,s19a
s19a,s19a
s19a,s19a
s19a,s19a
s19a,s19a
s19a,s19a
s19a,s19a
s19a,s19a
s19a,s19a
s19a,s19a
s19a,s19a
s19a,s19a
s19a,s19a
s19a,s19a
s19a,s19a
s19a,s19a
s19a,s19a
s19a,s19a
s19a,s19a
s19a,s19a
s19a,s19a
s19a,s19a
s19a,s19a
s19a,s19a
s19a,s19a
s19a,s19a
s19a,s19a
s19a,s19a
s19a,s19a
s19a,s19a
s19a,s19a
s19a,s19a
s19a,s19a
s19a,s19a
s19a,s19a
s19a,s19a
s19a,s19a
s19a,s19a
s19a,s19a
s19a,s19a
s19a,s19a
s19a,s19a
s19a,s19a
s19a,s19a
s19a,s19a
s19a,s19a
s19a,s19a
s19a,s19a
s19a,s19a
s19a,s19a
s19a,s19a
s19a,s19a
s19a,s19a
s19a,s19a
s19a,s19a
s19a,s19a
s10e,s10e
s10e,s10e
s10e,s10e
s10e,s10e
s10e,s10e
s10e,s10e
s10e,s10e
s10e,s10e
s10e,s10e
s10e,s10e
s10e,s10e
s10e,s10e
s10e,s10e
s10e,s10e
s10e,s10e
s10e,s10e
s10e,s10e
s10e,s10e
s10e,s10e
s10e,s10e
s10e,s10e
s10e,s10e
s10e,s10e
s10e,s10e
s10e,s10e
s10e,s10e
s10e,s10e
s10e,s10e
s10e,s10e
s10e,s10e
s10e,s10e
s10e,s10e
s10e,s10e
s10e,s10e
s10e,s10e
s10e,s10e
s10e,s10e
s10e,s10e
s10e,s10e
s10e,s10e
s10e,s10e
s10e,s10e
s10e,s10e
s10e,s10e
s10e,s10e
s10e,s10e
s10e,s10e
s10e,s10e
s10e,s10e
s10e,s10e
s10e,s10e
s10e,s10e
s10e,s10e
s10e,s10e
s10e,s10e
s10e,s10e
s10e,s10e
s10e,s10e
s10e,s10e
s10e,s10e
s10e,s10e
s10e,s10e
s10e,s10e
s10e,s10e
s10e,s10e
s10e,s10e
s10e,s10e
s10e,s10e
s10e,s10e
s10e,s10e
s10e,s10e
s10e,s10e
s10e,s10e
s10e,s10e
s10e,s10e
s10e,s10e
s10e,s10e
s10e,s10e
s10e,s10e
s10e,s10e
s10e,s10e
s10e,s10e
s10e,s10e
s10e,s10e
s10e,s10e
s10e,s10e
s10e,s10e
s10e,s10e
s10e,s10e
s10e,s10e
s10e,s10e
s10e,s10e
s10e,s10e
s10e,s10e
s10e,s10e
s10e,s10e
s10e,s10e
s10e,s10e
s203,s203
s203,s203
s203,s203
s203,s203
s203,s203
s203,s203
s203,s203
s203,s203
s203,s203
s203,s203
s203,s203
s203,s203
s203,s203
s203,s203
s203,s203
s203,s203
s203,s203
s203,s203
s203,s203
s203,s203
s203,s203
s203,s203
s203,s203
s203,s203
s203,s203
s203,s203
s203,s203
s203,s203
s203,s203
s203,s203
s203,s203
s203,s203
s203,s203
s203,s203
s203,s203
s203,s203
s203,s203
s203,s203
s203,s203
s203,s203
s203,s203
s203,s203
s203,s203
s203,s203
s203,s203
s203,s203
s203,s203
s203,s203
s203,s203
s203,s203
s203,s203
s203,s203
s203,s203
s203,s203
s203,s203
s203,s203
s203,s203
s203,s203
s203,s203
s203,s203
s203,s203
s203,s203
s203,s203
s203,s203
s203,s203
s203,s203
s203,s203
s203,s203
s203,s203
s203,s203
s203,s203
s203,s203
s203,s203
s203,s203
s203,s203
s203,s203
s203,s203
s203,s203
s203,s203
s203,s203
s203,s203
s203,s203
s203,s203
s203,s203
s203,s203
s203,s203
s203,s203
s203,s203
s203,s203
s203,s203
s203,s203
s203,s203
s203,s203
s203,s203
s203,s203
s203,s203
s203,s203
s203,s203
s203,s203
s203,s203
s203,s203
s203,s203
s203,s203
s203,s203
s203,s203
s110,s13f
s110,s13f
s110,s13f
s110,s13f
s110,s110
s110,s13f
s110,s13f
s110,s13f
s110,s13f
s110,s13f
s110,s110
s110,s13f
s110,s110
s110,s110
s110,s13f
s110,s110
s110,s13f
s110,s110
s110,s110
s110,s13f
s110,s110
s110,s110
s110,s110
s110,s110
s110,s110
s110,s110
s110,s10e
s110,s10e
s110,s10e
s110,s10e
s110,s110
s110,s110
s110,s110
s110,s110
s110,s110
s110,s110
s110,s10e
s110,s110
s110,s110
s110,s110
s110,s110
s110,s110
s110,s110
s110,s110
s110,s110
s110,s110
s110,s110
s110,s110
s110,s110
s110,s110
s110,s10e
s110,s110
s110,s110
s110,s110
s110,s110
s110,s110
s110,s110
s110,s110
s110,s110
s110,s110
s110,s110
s110,s110
s110,s110
s110,s110
s110,s110
s110,s110
s110,s110
s110,s110
s110,s110
s110,s110
s110,s110
s110,s110
s110,s110
s110,s110
s110,s110
s110,s110
s110,s110
s110,s110
s110,s110
s110,s110
s110,s110
s110,s110
s110,s110
s110,s110
s110,s110
s110,s110
s110,s110
s110,s110
s110,s110
s110,s110
s110,s110
s110,s110
s110,s110
s110,s110
s192,s192
s192,s192
s192,s192
s192,s192
s192,s192
s192,s192
s192,s192
s192,s192
s192,s192
s192,s192
s192,s192
s192,s192
s192,s192
s192,s192
s192,s192
s192,s192
s192,s192
s192,s192
s192,s192
s192,s192
s192,s192
s192,s192
s192,s192
s192,s192
s192,s192
s192,s192
s192,s192
s192,s192
s192,s192
s192,s192
s192,s192
s192,s192
s192,s192
s192,s192
s192,s192
s192,s192
s192,s192
s192,s192
s192,s192
s192,s192
s192,s192
s192,s192
s192,s192
s192,s192
s192,s192
s192,s192
s192,s192
s192,s192
s192,s192
s192,s192
s192,s192
s192,s192
s192,s192
s192,s192
s192,s192
s192,s192
s192,s192
s192,s192
s192,s192
s192,s192
s192,s192
s192,s192
s192,s192
s192,s192
s192,s192
s192,s192
s192,s192
s192,s192
s192,s192
s192,s192
s192,s192
s192,s192
s192,s192
s192,s192
s192,s192
s192,s192
s192,s192
s192,s192
s192,s192
s192,s192
s192,s192
s192,s192
s192,s192
s186,s186
s186,s186
s186,s186
s186,s186
s186,s186
s186,s186
s186,s186
s186,s186
s186,s186
s186,s186
s186,s186
s186,s186
s186,s186
s186,s186
s186,s186
s186,s186
s186,s186
s186,s186
s186,s186
s186,s186
s186,s186
s186,s186
s186,s186
s186,s186
s186,s186
s186,s186
s186,s186
s186,s186
s186,s186
s186,s186
s186,s186
s186,s186
s186,s186
s186,s186
s186,s186
s186,s186
s186,s186
s186,s186
s186,s186
s186,s186
s186,s186
s186,s186
s186,s186
s186,s186
s186,s186
s186,s186
s186,s186
s186,s186
s186,s186
s186,s186
s186,s186
s186,s186
s186,s186
s186,s186
s186,s186
s186,s186
s186,s186
s186,s186
s186,s186
s186,s186
s186,s186
s186,s186
s186,s186
s186,s186
s186,s186
s186,s186
s186,s186
s186,s186
s186,s186
s186,s186
s186,s186
s186,s186
s186,s186
s186,s186
s186,s186
s186,s186
s1a2,s19d
s1a2,s1a2
s1a2,s19d
s1a2,s1a0
s1a2,s1a2
s1a2,s1a0
s1a2,s1a0
s1a2,s1a0
s1a2,s1a0
s1a2,s1a0
s1a2,s1a0
s1a2,s1a0
s1a2,s1a0
s1a2,s1a0
s1a2,s1a0
s1a2,s1a0
s1a2,s1a0
s1a2,s1a0
s1a2,s1a0
s1a2,s1a0
s1a2,s1a0
s1a2,s1a0
s1a2,s1a0
s1a2,s1a0
s1a2,s1a0
s1a2,s1a0
s1a2,s1a0
s1a2,s1a0
s1a2,s1a0
s1a2,s1a0
s1a2,s1a0
s1a2,s1a0
s1a2,s1a0
s1a2,s1a0
s1a2,s1a0
s1a2,s1a0
s1a2,s1a0
s1a2,s1a0
s1a2,s1a0
s1a2,s1a0
s1a2,s1a0
s1a2,s1a0
s1a2,s1a0
s1a2,s1a0
s1a2,s1a0
s1a2,s1a0
s1a2,s1a0
s1a2,s1a0
s1a2,s1a0
s1a2,s1a0
s1a2,s1a0
s1a2,s1a0
s1a2,s1a0
s1a2,s1a0
s1a2,s1a0
s1a2,s1a0
s1a2,s1a0
s1a2,s1a0
s1a2,s1a0
s1a2,s1a0
s1a2,s1a0
s1a2,s1a0
s1a2,s1a0
s1a2,s1a0
s1a2,s1a0
s1a2,s1a0
s1a2,s1a0
s1a2,s1a0
s1a2,s1a0
s1a2,s1a0
s1a2,s1a0
s1a2,s1a0
s1a2,s1a0
s1a2,s1a0
s1a2,s1a0
s1a2,s1a0
s1a2,s1a0
s1a2,s1a0
s1a2,s1a0
s1a2,s1a0
s19d,s19d
s19d,s19d
s19d,s19d
s19d,s19d
s19d,s19d
s19d,s19d
s19d,s19d
s19d,s19d
s19d,s19d
s19d,s19d
s19d,s19d
s19d,s19d
s19d,s19d
s19d,s19d
s19d,s19d
s19d,s19d
s19d,s19d
s19d,s19d
s19d,s19d
s19d,s19d
s19d,s19d
s19d,s19d
s19d,s19d
s19d,s19d
s19d,s19d
s19d,s19d
s19d,s19d
s19d,s19d
s19d,s19d
s19d,s19d
s19d,s19d
s19d,s19d
s19d,s19d
s19d,s19d
s19d,s19d
s19d,s19d
s19d,s19d
s19d,s19d
s19d,s19d
s19d,s19d
s19d,s19d
s19d,s19d
s19d,s19d
s19d,s19d
s19d,s19d
s19d,s19d
s19d,s19d
s19d,s19d
s19d,s19d
s19d,s19d
s19d,s19d
s19d,s19d
s19d,s19d
s19d,s19d
s19d,s19d
s19d,s19d
s19d,s19d
s19d,s19d
s19d,s19d
s19d,s19d
s19d,s19d
s19d,s19d
s19d,s19d
s19d,s19d
s19d,s19d
s19d,s19d
s19d,s19d
s19d,s19d
s19d,s19c
s19d,s19c
s19d,s19d
s19d,s19d
s19d,s19d
s19d,s19d
s19d,s19d
s19d,s19d
s19d,s19d
s19d,s19d
s19d,s19d
s19d,s19d
s19d,s19d
s19d,s19d
s19d,s19d
s19d,s19d
s19d,s19d
s19d,s19d
s19d,s19d
s19d,s19d
s19d,s19d
s19d,s19d
s19d,s19d
s19d,s19d
s19d,s19d
s19d,s19d
s19d,s19d
s19d,s19d
s19d,s19d
s19d,s19d
s19d,s19d
s19d,s19d
s19d,s19d
s19d,s19d
s19d,s19d
s19d,s19d
s19d,s19d
s19d,s19d
s19d,s19d
s19d,s19d
s19d,s19d
s19d,s19d
s19d,s19d
s19d,s19d
s19d,s19d
s19d,s19d
s19d,s19d
s19d,s19d
s19d,s19d
s19d,s19d
s19d,s19d
s19d,s19d
s1f5,s1f5
s1f5,s1f5
s1f5,s1f5
s1f5,s1f5
s1f5,s1f5
s1f5,s1f5
s1f5,s1f5
s1f5,s1f5
s1f5,s1f5
s1f5,s1f5
s1f5,s1f5
s1f5,s1f5
s1f5,s1f5
s1f5,s1f5
s1f5,s1f5
s1f5,s1f5
s1f5,s1f5
s1f5,s1f5
s1f5,s1f5
s1f5,s1f5
s1f5,s1f5
s1f5,s1f5
s1f5,s1f5
s1f5,s1f5
s1f5,s1f5
s1f5,s1f5
s1f5,s1f5
s1f5,s1f5
s1f5,s1f5
s1f5,s1f5
s1f5,s1f5
s1f5,s1f5
s1f5,s1f5
s1f5,s1f5
s1f5,s1f5
s1f5,s1f5
s1f5,s1f5
s1f5,s1f5
s1f5,s1f5
s1f5,s1f5
s1f5,s1f5
s1f5,s1f5
s1f5,s1f5
s1f5,s1f5
s1f5,s1f5
s1f5,s1f5
s1f5,s1f5
s1f5,s1f5
s1f5,s1f5
s1f5,s1f5
s1f5,s1f5
s1f5,s1f5
s1f5,s1f5
s1f5,s1f5
s1f5,s1f5
s1f5,s1f5
s1f5,s1f5
s1f5,s1f5
s1f5,s1f5
s1f5,s1f5
s1f5,s1f5
s1f5,s1f5
s1f5,s1f5
s1f5,s1f5
s1f5,s1f5
s1f5,s1f5
s1f5,s1f5
s1f5,s1f5
s1f5,s1f5
s1f5,s1f5
s1f5,s1f5
s1f5,s1f5
s1f5,s1f5
s1f5,s1f5
s1f5,s1f5
s1f5,s1f5
s1f5,s1f5
s1f5,s1f5
s1f5,s1f5
s1f5,s1f5
s1f5,s1f5
s1f5,s1f5
s1f5,s1f5
s1f5,s1f5
s1f5,s1f5
s1f5,s1f5
s1f5,s1f5
s1f5,s1f5
s1f5,s1f5
s1f5,s1f5
s1f5,s1f5
s1f5,s1f5
s1f5,s1f5
s1f5,s1f5
s1f5,s1f5
s1f5,s1f5
s1f5,s1f5
s1f5,s1f5
s1f5,s1f5
s1f5,s1f5
s1f5,s1f5
s1f5,s1f5
s1f5,s1f5
s1f5,s1f5
s1f5,s1f5
s1f5,s1f5
s1f5,s1f5
s1f5,s1f5
s15d,s15d
s15d,s15d
s15d,s15d
s15d,s15d
s15d,s15d
s15d,s15d
s15d,s15d
s15d,s15d
s15d,s15d
s15d,s15d
s15d,s15d
s15d,s15d
s15d,s15d
s15d,s15d
s15d,s15d
s15d,s15d
s15d,s15d
s15d,s15d
s15d,s15d
s15d,s15d
s15d,s15d
s15d,s15d
s15d,s15d
s15d,s15d
s15d,s15d
s15d,s15d
s15d,s15d
s15d,s15d
s15d,s15d
s15d,s15d
s15d,s15d
s15d,s15d
s15d,s15d
s15d,s15d
s15d,s15d
s15d,s15d
s15d,s15d
s15d,s15d
s15d,s15d
s15d,s15d
s15d,s15d
s15d,s15d
s15d,s15d
s15d,s15d
s15d,s15d
s15d,s15d
s15d,s15d
s15d,s15d
s15d,s15d
s15d,s15d
s15d,s15d
s15d,s15d
s15d,s15d
s15d,s15d
s15d,s15d
s15d,s15d
s15d,s15d
s15d,s15d
s15d,s15d
s15d,s15d
s15d,s15d
s15d,s15d
s15d,s15d
s15d,s15d
s15d,s15d
s15d,s15d
s15d,s15d
s15d,s15d
s15d,s15d
s15d,s15d
s15d,s15d
s15d,s15d
s15d,s15d
s15d,s15d
s15d,s15d
s15d,s15d
s15d,s15d
s15d,s15d
s15d,s15d
s15d,s15d
s15d,s15d
s15d,s15d
s15d,s15d
s15d,s15d
s15d,s15d
s15d,s15d
s15d,s15d
s15d,s15d
s15d,s15d
s15d,s15d
s15d,s15d
s15d,s15d
s15d,s15d
s15d,s15d
s15d,s15d
s15d,s15d
s15d,s15d
s15d,s15d
s15d,s15d
s15d,s15d
s15d,s15d
s15d,s15d
s100,s100
s100,s100
s100,s100
s100,s100
s100,s100
s100,s100
s100,s100
s100,s100
s100,s100
s100,s100
s100,s100
s100,s100
s100,s100
s100,s100
s100,s100
s100,s100
s100,s100
s100,s100
s100,s100
s100,s100
s100,s100
s100,s100
s100,s100
s100,s100
s100,s100
s100,s100
s100,s100
s100,s100
s100,s100
s100,s100
s100,s100
s100,s100
s100,s100
s100,s100
s100,s100
s100,s100
s100,s100
s100,s100
s100,s100
s100,s100
s100,s100
s100,s100
s100,s100
s100,s100
s100,s100
s100,s100
s100,s100
s100,s100
s100,s100
s100,s100
s100,s100
s100,s100
s100,s100
s100,s100
s100,s100
s100,s100
s100,s100
s100,s100
s100,s100
s100,s100
s100,s100
s100,s100
s100,s100
s100,s100
s100,s100
s100,s100
s100,s100
s100,s100
s100,s100
s100,s100
s100,s100
s100,s100
s100,s100
s100,s100
s100,s100
s100,s100
s100,s100
s100,s100
s100,s100
s100,s100
s100,s100
s100,s100
s100,s100
s100,s100
s100,s100
s100,s100
s100,s100
s100,s100
s100,s100
s100,s100
s100,s100
s100,s100
s100,s100
s100,s100
s100,s100
s100,s100
s100,s100
s100,s100
s100,s100
s100,s100
s100,s100
s100,s100
s100,s100
s100,s100
s100,s100
s100,s100
s100,s100
s116,s116
s116,s116
s116,s116
s116,s116
s116,s116
s116,s116
s116,s116
s116,s116
s116,s116
s116,s116
s116,s116
s116,s116
s116,s116
s116,s116
s116,s116
s116,s116
s116,s116
s116,s116
s116,s115
s116,s115
s116,s116
s116,s12d
s116,s12d
s116,s115
s116,s12d
s116,s115
s116,s12d
s116,s12d
s116,s115
s116,s115
s116,s115
s116,s115
s116,s115
s116,s12d
s116,s115
s116,s115
s116,s115
s116,s115
s116,s115
s116,s115
s116,s115
s116,s115
s116,s115
s116,s115
s116,s115
s116,s116
s116,s116
s116,s116
s116,s116
s116,s116
s116,s116
s116,s116
s116,s116
s116,s116
s116,s116
s116,s116
s116,s116
s116,s116
s116,s116
s116,s116
s116,s116
s116,s116
s116,s116
s116,s116
s116,s116
s116,s116
s116,s116
s116,s116
s116,s116
s116,s116
s116,s116
s116,s116
s116,s116
s116,s116
s116,s116
s116,s116
s116,s116
s116,s116
s116,s116
s116,s116
s116,s116
s116,s116
s116,s116
s116,s116
s116,s116
s116,s116
s116,s116
s116,s116
s116,s116
s116,s116
s116,s116
s116,s116
s116,s116
s116,s116
s116,s116
s116,s116
s116,s116
s116,s116
s116,s116
s116,s116
s116,s116
s116,s116
s116,s116
s116,s116
s116,s116
s116,s116
s116,s116
s116,s116
s116,s116
s116,s116
s116,s116
s116,s116
s176,s176
s176,s176
s176,s176
s176,s176
s176,s176
s176,s176
s176,s176
s176,s176
s176,s176
s176,s176
s176,s176
s176,s176
s176,s176
s176,s176
s176,s176
s176,s176
s176,s176
s176,s176
s176,s176
s176,s176
s176,s176
s176,s176
s176,s176
s176,s176
s176,s176
s176,s176
s176,s176
s176,s176
s176,s176
s176,s176
s176,s176
s176,s176
s176,s176
s176,s176
s176,s176
s176,s176
s176,s176
s176,s185
s176,s185
s176,s185
s176,s185
s176,s185
s176,s185
s176,s185
s176,s185
s176,s185
s176,s185
s176,s185
s176,s185
s176,s185
s176,s185
s176,s185
s176,s185
s176,s176
s176,s176
s176,s176
s176,s176
s176,s176
s176,s176
s176,s176
s176,s176
s176,s176
s176,s176
s176,s176
s176,s176
s176,s176
s176,s176
s176,s176
s176,s176
s176,s176
s176,s185
s176,s185
s176,s185
s176,s176
s176,s176
s176,s185
s176,s185
s176,s185
s176,s176
s176,s176
s176,s185
s176,s176
s176,s176
s176,s176
s176,s176
s176,s176
s176,s176
s176,s176
s176,s176
s176,s176
s176,s176
s176,s176
s176,s176
s176,s176
s176,s176
s176,s176
s176,s176
s176,s176
s176,s176
s176,s176
s176,s176
s176,s176
s14c,s14c
s14c,s14c
s14c,s14c
s14c,s14c
s14c,s14c
s14c,s14c
s14c,s14c
s14c,s14c
s14c,s14c
s14c,s14c
s14c,s14c
s14c,s14c
s14c,s14c
s14c,s14c
s14c,s14c
s14c,s14c
s14c,s14c
s14c,s14c
s14c,s14c
s14c,s14c
s14c,s14c
s14c,s14c
s14c,s14c
s14c,s14c
s14c,s14c
s14c,s14c
s14c,s14c
s14c,s14c
s14c,s14c
s14c,s14c
s14c,s14c
s14c,s14c
s14c,s14c
s14c,s14c
s14c,s14c
s14c,s14c
s14c,s14c
s14c,s14c
s14c,s14c
s14c,s14c
s14c,s14c
s14c,s14c
s14c,s14c
s14c,s14c
s14c,s14c
s14c,s14c
s14c,s14c
s14c,s14c
s14c,s14c
s14c,s14c
s14c,s14c
s14c,s14c
s14c,s14c
s14c,s14c
s14c,s14c
s14c,s14c
s14c,s14c
s14c,s14c
s14c,s14c
s14c,s14c
s14c,s14c
s14c,s14c
s14c,s14c
s14c,s14c
s14c,s14c
s14c,s14c
s14c,s14c
s14c,s14c
s14c,s14c
s14c,s14c
s14c,s14c
s14c,s14c
s14c,s14c
s14c,s14c
s14c,s14c
s14c,s14c
s14c,s14c
s14c,s14c
s14c,s14c
s14c,s14c
s14c,s14c
s14c,s14c
s14c,s14c
s14c,s14c
s14c,s14c
s14c,s14c
s14c,s14c
s14c,s14c
s14c,s14c
s14c,s14c
s14c,s14c
s14c,s14c
s14c,s14c
s14c,s14c
s14c,s14c
s14c,s14c
s14c,s14c
s14c,s14c
s14c,s14c
s14c,s14c
s150,s150
s150,s150
s150,s150
s150,s150
s150,s150
s150,s150
s150,s150
s150,s150
s150,s150
s150,s150
s150,s150
s150,s150
s150,s150
s150,s150
s150,s150
s150,s150
s150,s150
s150,s150
s150,s150
s150,s150
s150,s150
s150,s150
s150,s150
s150,s150
s150,s150
s150,s150
s150,s150
s150,s150
s150,s150
s150,s150
s150,s150
s150,s150
s150,s150
s150,s14c
s150,s1c0
s150,s1c0
s150,s14c
s150,s1c0
s150,s1c0
s150,s1c0
s150,s1c0
s150,s1c0
s150,s150
s150,s150
s150,s150
s150,s150
s150,s150
s150,s150
s150,s150
s150,s150
s150,s1c0
s150,s150
s150,s150
s150,s1c0
s150,s1c0
s150,s1c0
s150,s1c0
s150,s1c0
s150,s1c0
s150,s1c0
s150,s1c0
s150,s1c0
s150,s1c0
s150,s1c0
s150,s1c0
s150,s1c0
s150,s150
s150,s150
s150,s150
s150,s150
s150,s150
s150,s150
s150,s150
s150,s150
s150,s150
s150,s150
s150,s150
s150,s150
s150,s150
s150,s150
s150,s150
s150,s150
s150,s150
s150,s150
s150,s150
s1f4,s1f0
s1f4,s1f0
s1f4,s1f0
s1f4,s1f0
s1f4,s1f0
s1f4,s1f4
s1f4,s1f0
s1f4,s1f0
s1f4,s1f0
s1f4,s1f4
s1f4,s1f4
s1f4,s1f4
s1f4,s1f4
s1f4,s1f4
s1f4,s1f4
s1f4,s1f4
s1f4,s1f4
s1f4,s1f4
s1f4,s1f4
s1f4,s1f4
s1f4,s1f4
s1f4,s1f4
s1f4,s1f4
s1f4,s1f4
s1f4,s1f4
s1f4,s1f4
s1f4,s1f0
s1f4,s1f0
s1f4,s1f0
s1f4,s1f0
s1f4,s1f0
s1f4,s1f4
s1f4,s1f0
s1f4,s1f0
s1f4,s1f0
s1f4,s1f0
s1f4,s1f4
s1f4,s1f4
s1f4,s1f4
s1f4,s1f4
s1f4,s1f4
s1f4,s1f0
s1f4,s1f4
s1f4,s1f4
s1f4,s1f4
s1f4,s1f4
s1f4,s1f4
s1f4,s1f4
s1f4,s1f4
s1f4,s1f4
s1f4,s1f4
s1f4,s1f4
s1f4,s1f4
s1f4,s1f4
s1f4,s1f0
s1f4,s1f4
s1f4,s1f4
s1f4,s1f0
s1f4,s1f4
s1f4,s1f4
s1f4,s1f4
s1f4,s1f4
s1f4,s1f4
s1f4,s1f4
s1f4,s1f4
s1f4,s1f4
s1f4,s1f4
s1f4,s1f0
s1f4,s1f0
s1f4,s1f0
s1f4,s1f0
s1f4,s1f0
s1f4,s1f0
s1f4,s1f0
s1f4,s1f4
s1f4,s1f0
s1f4,s1f0
s1f4,s1f4
s1f4,s1f0
s1f4,s1f0
s1f4,s1f4
s1f4,s1f4
s1f4,s1f0
s1f4,s1f4
s1f4,s1f0
s1f4,s1f0
s1f4,s1f0
s1f4,s1f4
s1f4,s1f4
s1f4,s1f0
s1f4,s1f4
s1f4,s1f4
s1f4,s1f4
s1f4,s1f4
s1f4,s1f4
s1f4,s1f4
s1f4,s1f4
s1f4,s1f4
s1f4,s1f4
s1f4,s1f0
s1f4,s1f0
s1f4,s1f4
s1f4,s1f0
s1f4,s1f4
s1f4,s1f4
s1f4,s1f0
s1f4,s1f0
s1f4,s1f0
s1f4,s1f4
s1f4,s1f0
s1f4,s1f0
s1f4,s1f4
s1f4,s1f4
s1f4,s1f0
s1f4,s1f4
s1f4,s1f4
s1f4,s1f4
s1f4,s1f4
s1f4,s1f4
s1f4,s1f4
s1f4,s1f4
s1f4,s1f4
s1f4,s1f4
s1f4,s1f4
s1f4,s1f4
s1f4,s1f4
s1f4,s1f4
s1f4,s1f4
s1f4,s1f4
s1f4,s1f4
s1f4,s1f4
s1f4,s1f0
s1f4,s1f0
s1f4,s1f4
s1f4,s1f4
s1f4,s1f4
s1f4,s1f4
s1f4,s1f0
s1f4,s1f0
s1f4,s1f0
s1f0,s1f4
s1f0,s1f4
s1f0,s1f4
s1f0,s1f4
s1f0,s1f4
s1f0,s1f4
s1f0,s1f4
s1f0,s1f4
s1f0,s1f4
s1f0,s1f4
s1f0,s1f4
s1f0,s1f4
s1f0,s1f4
s1f0,s1f4
s1f0,s1f4
s1f0,s1f4
s1f0,s1f4
s1f0,s1f4
s1f0,s1f4
s1f0,s1f4
s1f0,s1f4
s1f0,s1f4
s1f0,s1e1
s1f0,s1e1
s1f0,s1f4
s1f0,s1f4
s1f0,s1f4
s1f0,s1f4
s1f0,s1f4
s1f0,s1f4
s1f0,s1f4
s1f0,s1e1
s1f0,s1f4
s1f0,s1f4
s1f0,s1f4
s1f0,s1e1
s1f0,s1f4
s1f0,s1f4
s1f0,s1f4
s1f0,s1f4
s1f0,s1f4
s1f0,s1e1
s1f0,s1e1
s1f0,s1f0
s1f0,s1f4
s1f0,s1f4
s1f0,s1f4
s1f0,s1f4
s1f0,s1f4
s1f0,s1f4
s1f0,s1f4
s1f0,s1f4
s1f0,s1e1
s1f0,s1f4
s1f0,s1f4
s1f0,s1f4
s1f0,s1f4
s1f0,s1f4
s1f0,s1f4
s1f0,s1f4
s1f0,s1f4
s1f0,s1f4
s1f0,s1f4
s1f0,s1f4
s1f0,s1f4
s1f0,s1f4
s1f0,s1f4
s1f0,s106
s1f0,s1f4
s1f0,s1f4
s1f0,s1f4
s1f0,s1f4
s1f0,s1f4
s1f0,s1f4
s1f0,s1f4
s1f0,s1f0
s1f0,s1f0
s1f0,s1f0
s1f0,s1f0
s1f0,s1f4
s1f0,s1f4
s1f0,s1f4
s1f0,s1f4
s1f0,s1f4
s1f0,s1f4
s1f0,s1f4
s1f0,s1f4
s1f0,s1f4
s1f0,s1f4
s1f0,s1f4
s1f0,s1f4
s1f0,s1f4
s1f0,s1f4
s1f0,s1e1
s1f0,s1f4
s1f0,s1f4
s1f0,s1f4
s1f0,s1f4
s1f0,s1f4
s1f0,s1f4
s1f0,s1f4
s1f0,s1f4
s1f0,s1f4
s1f0,s1f4
s1f0,s1f4
s1f0,s1f4
s1f0,s1f4
s1f0,s1f4
s1f0,s1f4
s1f0,s1f4
s1f0,s1f4
s1f0,s1f4
s1f0,s1f4
s1f0,s1f4
s1f0,s1f4
s1f0,s1f4
s1f0,s1f0
s1f0,s1f0
s1f0,s1f0
s1f0,s1f0
s1f0,s1f4
s1f0,s1f4
s1f0,s1f4
s1f0,s1f0
s1f0,s1f0
s1f0,s1f0
s1f0,s1f4
s1f0,s1f4
s19c,s19c
s19c,s19c
s19c,s19c
s19c,s19c
s19c,s19c
s19c,s19c
s19c,s19c
s19c,s19c
s19c,s19c
s19c,s19c
s19c,s19c
s19c,s19c
s19c,s19c
s19c,s19c
s19c,s19c
s19c,s19c
s19c,s19c
s19c,s19c
s19c,s19c
s19c,s19c
s19c,s19c
s19c,s19c
s19c,s19c
s19c,s19c
s19c,s19c
s19c,s19c
s19c,s19c
s19c,s19c
s19c,s19c
s19c,s19c
s19c,s19c
s19c,s19c
s19c,s19c
s19c,s19c
s19c,s19c
s19c,s19c
s19c,s19c
s19c,s19c
s19c,s19c
s19c,s19c
s19c,s19c
s19c,s19c
s19c,s19c
s19c,s19c
s19c,s19c
s19c,s19c
s19c,s19c
s19c,s19c
s19c,s19c
s19c,s19c
s19c,s19c
s19c,s19c
s19c,s19c
s19c,s19c
s19c,s19c
s19c,s19c
s19c,s19c
s19c,s19c
s19c,s19c
s19c,s19c
s19c,s19c
s19c,s19c
s19c,s19c
s19c,s19c
s19c,s19c
s19c,s19c
s19c,s19c
s19c,s19c
s19c,s19c
s19c,s19c
s19c,s19c
s19c,s19c
s19c,s19c
s19c,s19c
s19c,s19c
s19c,s19c
s19c,s19c
s19c,s19c
s19c,s19c
s19c,s19c
s19c,s19c
s19c,s19c
s19c,s19c
s1f5,s1f5
s1f5,s1f5
s1f5,s1f5
s1f5,s1f5
s1f5,s1f5
s1f5,s1f5
s1f5,s1f5
s1f5,s1f5
s1f5,s1f5
s1f5,s1f5
s1f5,s1f5
s1f5,s1f5
s1f5,s1f5
s1f5,s1f5
s1f5,s1f5
s1f5,s1f5
s1f5,s1f5
s1f5,s1f5
s1f5,s1f5
s1f5,s1f5
s1f5,s1f5
s1f5,s1f5
s1f5,s1f5
s1f5,s1f5
s1f5,s1f5
s1f5,s1f5
s1f5,s1f5
s1f5,s1f5
s1f5,s1f5
s1f5,s1f5
s1f5,s1f5
s1f5,s1f5
s1f5,s1f5
s1f5,s1f5
s1f5,s1f5
s1f5,s1f5
s1f5,s1f5
s1f5,s1f5
s1f5,s1f5
s1f5,s1f5
s1f5,s1f5
s1f5,s1f5
s1f5,s1f5
s1f5,s1f5
s1f5,s1f5
s1f5,s1f5
s1f5,s1f5
s1f5,s1f5
s1f5,s1f5
s1f5,s1f5
s1f5,s1f5
s1f5,s1f5
s1f5,s1f5
s1f5,s1f5
s1f5,s1f5
s1f5,s1f5
s1f5,s1f5
s1f5,s1f5
s1f5,s1f5
s1f5,s1f5
s1f5,s1f5
s1f5,s1f5
s1f5,s1f5
s1f5,s1f5
s1f5,s1f5
s1f5,s1f5
s1f5,s1f5
s1f5,s1f5
s1f5,s1f5
s1f5,s1f5
s1f5,s1f5
s1f5,s1f5
s1f5,s1f5
s1f5,s1f5
s1f5,s1f5
s1f5,s1f5
s1f5,s1f5
s1f5,s1f5
s1f5,s1f5
s1f5,s1f5
s1f5,s1f5
s1f5,s1f5
s1f5,s1f5
s1f5,s1f5
s1f5,s1f5
s1f5,s1f5
s1f5,s1f5
s1f5,s1f5
s1f5,s1f5
s1f5,s1f5
s1f5,s1f5
s1f5,s1f5
s1f5,s1f5
s1f5,s1f5
s1f5,s1f5
s1f5,s1f5
s1f5,s1f5
s1f5,s1f5
s1f5,s1f5
s1f5,s1f5
s1f5,s1f5
s1f5,s1f5
s1f5,s1f5
s1f5,s1f5
s1f5,s1f5
s1f5,s1f5
s1f5,s1f5
s1f5,s1f5
s1f5,s1f5
s1f5,s1f5
s1f5,s1f5
s1f5,s1f5
s1f5,s1f5
s1f5,s1f5
s1f5,s1f5
s1f5,s1f5
s1f5,s1f5
s1f5,s203
s1f5,s203
s1f5,s1f5
s1f5,s1f5
s1f5,s1f5
s1f5,s1f5
s1f5,s1f5
s1f5,s1f5
s1f5,s1f5
s1f5,s203
s1f5,s1f5
s1f5,s1f4
s1f5,s1f5
s1f5,s1f5
s1f5,s1f5
s1f5,s1f5
s1f5,s1f5
s1f5,s1f5
s1f5,s1f4
s1f5,s203
s1f5,s1f5
s1f5,s203
s1f5,s1f5
s1f5,s1f5
s1f5,s1f5
s1f5,s1f5
s1f5,s1f5
s1f5,s1f5
s1f5,s1f5
s1f5,s1f5
s1d4,s1d0
s1d4,s1d0
s1d4,s1d0
s1d4,s1d0
s1d4,s1d0
s1d4,s1d0
s1d4,s1d0
s1d4,s1d0
s1d4,s1d0
s1d4,s1d0
s1d4,s1d0
s1d4,s1d0
s1d4,s1d0
s1d4,s1d0
s1d4,s1d0
s1d4,s1d0
s1d4,s1d0
s1d4,s1d0
s1d4,s1d0
s1d4,s1d0
s1d4,s1d0
s1d4,s1d0
s1d4,s1d0
s1d4,s1d0
s1d4,s1d0
s1d4,s1d0
s1d4,s1d0
s1d4,s1d0
s1d4,s1d0
s1d4,s1d0
s1d4,s1d0
s1d4,s1d0
s1d4,s1d0
s1d4,s1d0
s1d4,s1d0
s1d4,s1d0
s1d4,s1d0
s1d4,s1d0
s1d4,s1d0
s1d4,s1d0
s1d4,s1d0
s1d4,s1d0
s1d4,s1d0
s1d4,s1d0
s1d4,s1d0
s1d4,s1d0
s1d4,s1d0
s1d4,s1d0
s1d4,s1ce
s1d4,s1d0
s1d4,s1d0
s1d4,s1d0
s1d4,s1d0
s1d4,s1d0
s1d4,s1d0
s1d4,s1d0
s1d4,s1ce
s1d4,s1ce
s1d4,s1ce
s1d4,s1ce
s1d4,s1d0
s1d4,s1d0
s1d4,s1d0
s1d4,s1d0
s1d4,s1d0
s1d4,s1d0
s1d4,s1d0
s1d4,s1ce
s1d4,s1ce
s1d4,s1ce
s1d4,s1d0
s1d4,s1ce
s1d4,s1d0
s1d4,s1d0
s1d4,s1d0
s1d4,s1d0
s1d4,s1d0
s1d4,s1d0
s1d4,s1ce
s1d4,s1d0
s1d4,s1ce
s1d4,s1d0
s1d4,s1d0
s1d4,s1d0
s1d4,s1d0
s1d4,s1d0
s1d4,s1d0
s1d4,s1d0
s1d4,s1d0
s1d4,s1d0
s1d4,s1d0
s1d4,s1d0
s1d4,s1d0
s1d4,s1d0
s1d4,s1d0
s1d4,s1ce
s1d4,s1d0
s1d4,s1d0
s1d4,s1d0
s1d4,s1d0
s1d4,s1d0
s1d4,s1d0
s1d4,s1d0
s1d4,s1d0
s1d4,s1d0
s1d4,s1d0
s1d4,s1d0
s1d4,s1d0
s1d4,s1d0
s1d4,s1d0
s182,s182
s182,s203
s182,s182
s182,s176
s182,s203
s182,s176
s182,s176
s182,s176
s182,s203
s182,s176
s182,s176
s182,s176
s182,s203
s182,s176
s182,s176
s182,s203
s182,s176
s182,s203
s182,s176
s182,s176
s182,s176
s182,s176
s182,s150
s182,s110
s182,s150
s182,s176
s182,s176
s182,s176
s182,s176
s182,s176
s182,s176
s182,s176
s182,s176
s182,s176
s182,s176
s182,s185
s182,s203
s182,s176
s182,s203
s182,s203
s182,s203
s182,s203
s182,s203
s182,s203
s182,s176
s182,s203
s182,s203
s182,s203
s182,s203
s182,s203
s182,s203
s182,s203
s182,s185
s182,s203
s182,s182
s182,s176
s182,s176
s182,s176
s182,s203
s182,s176
s182,s176
s182,s176
s182,s176
s182,s176
s182,s203
s182,s203
s182,s176
s182,s182
s182,s182
s182,s176
s182,s203
s182,s176
s182,s176
s182,s176
s182,s176
s182,s176
s182,s176
s182,s176
s182,s176
s182,s182
s182,s176
s182,s176
s182,s176
s182,s203
s182,s176
s182,s176
s182,s176
s182,s176
s182,s176
s182,s176
s182,s150
s182,s176
s182,s150
s182,s150
s182,s185
s182,s185
s182,s185
s182,s185
s182,s185
s182,s110
s182,s185
s182,s185
s182,s185
s182,s185
s182,s185
s182,s185
s182,s185
s182,s150
s182,s185
s182,s185
s182,s110
s182,s185
s182,s185
s182,s185
s182,s185
s182,s185
s182,s185
s182,s185
s182,s150
s182,s176
s182,s176
s182,s176
s182,s182
s182,s182
s182,s182
s182,s182
s182,s176
s182,s182
s182,s176
s182,s176
s182,s176
s182,s176
s182,s150
s182,s176
s1ce,s1ce
s1ce,s1d0
s1ce,s1d0
s1ce,s1d0
s1ce,s1ce
s1ce,s1ce
s1ce,s1ce
s1ce,s1ce
s1ce,s1d0
s1ce,s1ce
s1ce,s1d0
s1ce,s1d0
s1ce,s1d0
s1ce,s1d0
s1ce,s1d0
s1ce,s1d0
s1ce,s1ce
s1ce,s1ce
s1ce,s1ce
s1ce,s1ce
s1ce,s1ce
s1ce,s1ce
s1ce,s1ce
s1ce,s1ce
s1ce,s1ce
s1ce,s1ce
s1ce,s1ce
s1ce,s1ce
s1ce,s1ce
s1ce,s1ce
s1ce,s1ce
s1ce,s1ce
s1ce,s1ce
s1ce,s1ce
s1ce,s1ce
s1ce,s1ce
s1ce,s1ce
s1ce,s1ce
s1ce,s1ce
s1ce,s1ce
s1ce,s1ce
s1ce,s1ce
s1ce,s1ce
s1ce,s1ce
s1ce,s1ce
s1ce,s1ce
s1ce,s1ce
s1ce,s1ce
s1ce,s1ce
s1ce,s1ce
s1ce,s1ce
s1ce,s1ce
s1ce,s1ce
s1ce,s1ce
s1ce,s1ce
s1ce,s1ce
s1ce,s1ce
s1ce,s1ce
s1ce,s1ce
s1ce,s1ce
s1ce,s1ce
s1ce,s1ce
s1ce,s1ce
s1ce,s1ce
s1ce,s1ce
s1ce,s1ce
s1ce,s1ce
s1ce,s1ce
s1ce,s1ce
s1ce,s1ce
s1ce,s1ce
s1ce,s1ce
s1ce,s1ce
s1ce,s1ce
s1ce,s1ce
s1ce,s1ce
s1ce,s1ce
s1ce,s1ce
s1ce,s1ce
s1ce,s1ce
s1ce,s1ce
s1ce,s1ce
s1ce,s1ce
s1ce,s1ce
s1ce,s1ce
s1ce,s1ce
s1ce,s1ce
s1ce,s1ce
s1ce,s1ce
s1ce,s1ce
s1ce,s1ce
s1ce,s1ce
s1ce,s1ce
s1ce,s1ce
s1ce,s1ce
s1ce,s1ce
s1c0,s1c0
s1c0,s1c0
s1c0,s1c0
s1c0,s1c0
s1c0,s1c0
s1c0,s1c0
s1c0,s1c0
s1c0,s1c0
s1c0,s1c0
s1c0,s1c0
s1c0,s1c0
s1c0,s1c0
s1c0,s1c0
s1c0,s1c0
s1c0,s1c0
s1c0,s1c0
s1c0,s1c0
s1c0,s1c0
s1c0,s1c0
s1c0,s1c0
s1c0,s1c0
s1c0,s1c0
s1c0,s1c5
s1c0,s1c0
s1c0,s1c5
s1c0,s1c0
s1c0,s1c0
s1c0,s1c0
s1c0,s1c0
s1c0,s1c0
s1c0,s1c0
s1c0,s1c0
s1c0,s1c0
s1c0,s1c0
s1c0,s1c0
s1c0,s1c0
s1c0,s1c0
s1c0,s1c0
s1c0,s1c0
s1c0,s1c0
s1c0,s1c0
s1c0,s1c0
s1c0,s1c0
s1c0,s1c0
s1c0,s1c0
s1c0,s1c0
s1c0,s1c0
s1c0,s1c5
s1c0,s1c5
s1c0,s1c0
s1c0,s1c0
s1c0,s1c0
s1c0,s1c0
s1c0,s1c0
s1c0,s1c0
s1c0,s1c0
s1c0,s1c0
s1c0,s1c0
s1c0,s1c0
s1c0,s1c0
s1c0,s1c5
s1c0,s1c5
s1c0,s1c5
s1c0,s1c5
s1c0,s1c5
s1c0,s1c5
s1c0,s1c5
s1c0,s1c5
s1c0,s1c5
s1c0,s1c5
s1c0,s1c5
s1c0,s1c0
s1c0,s1c5
s1c0,s1c0
s1c0,s1c0
s1c0,s1c0
s1c0,s1c0
s1c0,s1c0
s1c0,s1c5
s1c0,s1c0
s1c0,s1c0
s1c0,s1c0
s1c0,s1c0
s1c0,s1c0
s1c0,s1c0
s1c0,s1c0
s1c0,s1c0
s1c0,s1c0
s1c0,s1c0
s1c0,s1c0
s1c0,s1c0
s1c0,s1c0
s1c0,s1c0
s1c0,s1c5
s1c0,s1c5
s1c0,s1c5
s1c0,s1c5
s1c0,s1c5
s1c0,s1c0
s1c0,s1c0
s1c0,s1c0
s1c0,s1c0
s1c0,s1c0
s1c0,s1c0
s1c0,s1c0
s1c0,s1c0
s1c0,s1c0
s1c0,s1c0
s1c0,s1c0
s1c0,s1c0
s1c0,s1c0
s1c0,s1c0
s1c0,s1c0
s1c0,s1c0
s117,s13f
s117,s13f
s117,s117
s117,s117
s117,s117
s117,s117
s117,s117
s117,s117
s117,s117
s117,s117
s117,s115
s117,s115
s117,s117
s117,s117
s117,s117
s117,s117
s117,s117
s117,s117
s117,s117
s117,s117
s117,s117
s117,s117
s117,s117
s117,s117
s117,s117
s117,s117
s117,s117
s117,s117
s117,s117
s117,s117
s117,s117
s117,s117
s117,s117
s117,s13f
s117,s13f
s117,s117
s117,s117
s117,s13f
s117,s117
s117,s117
s117,s117
s117,s13f
s117,s13f
s117,s117
s117,s117
s117,s13f
s117,s13f
s117,s13f
s117,s13f
s117,s13f
s117,s13f
s117,s13f
s117,s13f
s117,s13f
s117,s13f
s117,s13f
s117,s13f
s117,s13f
s117,s13f
s117,s13f
s117,s13f
s117,s13f
s117,s13f
s117,s13f
s117,s13f
s117,s13f
s117,s117
s117,s117
s117,s117
s117,s117
s117,s117
s117,s117
s117,s117
s117,s117
s117,s117
s117,s117
s117,s117
s117,s117
s117,s117
s117,s117
s117,s117
s117,s117
s117,s117
s117,s117
s117,s117
s117,s117
s117,s117
s117,s117
s117,s13f
s117,s117
s144,s144
s144,s144
s144,s144
s144,s144
s144,s144
s144,s144
s144,s144
s144,s144
s144,s144
s144,s144
s144,s144
s144,s144
s144,s144
s144,s144
s144,s144
s144,s144
s144,s144
s144,s144
s144,s144
s144,s144
s144,s144
s144,s144
s144,s144
s144,s144
s144,s144
s144,s144
s144,s144
s144,s144
s144,s144
s144,s144
s144,s144
s144,s144
s144,s144
s144,s144
s144,s144
s144,s144
s144,s144
s144,s144
s144,s144
s144,s144
s144,s144
s144,s144
s144,s144
s144,s144
s144,s144
s144,s144
s144,s144
s144,s144
s144,s144
s144,s144
s144,s144
s144,s144
s144,s144
s144,s144
s144,s144
s144,s144
s144,s144
s144,s144
s144,s144
s144,s144
s144,s144
s144,s144
s144,s144
s144,s144
s144,s144
s144,s144
s144,s144
s144,s144
s144,s144
s144,s144
s16d,s16d
s16d,s16d
s16d,s16d
s16d,s16d
s16d,s16d
s16d,s16d
s16d,s16d
s16d,s16d
s16d,s16d
s16d,s16d
s16d,s16d
s16d,s16d
s16d,s16d
s16d,s16d
s16d,s16d
s16d,s16d
s16d,s16d
s16d,s16d
s16d,s16d
s16d,s16d
s16d,s16d
s16d,s16d
s16d,s16d
s16d,s16d
s16d,s16d
s16d,s16d
s16d,s16d
s16d,s16d
s16d,s16d
s16d,s16d
s16d,s16d
s16d,s16d
s16d,s16d
s16d,s16d
s16d,s16d
s16d,s16d
s16d,s16d
s16d,s16d
s16d,s16d
s16d,s16d
s16d,s16d
s16d,s16d
s16d,s16d
s16d,s16d
s16d,s16d
s16d,s16d
s16d,s16d
s16d,s16d
s16d,s16d
s16d,s16d
s16d,s16d
s16d,s16d
s16d,s16d
s16d,s16d
s16d,s16d
s16d,s16d
s16d,s16d
s16d,s16d
s16d,s16d
s16d,s16d
s16d,s16d
s16d,s16d
s16d,s16d
s16d,s16d
s16d,s16d
s16d,s16d
s16d,s16d
s16d,s16d
s16d,s16d
s16d,s16d
s16d,s16d
s16d,s16d
s16d,s16d
s16d,s16d
s16d,s16d
s16d,s16d
s16d,s16d
s16d,s16d
s16d,s16d
s16d,s16d
s16d,s16d
s16d,s16d
s16d,s16d
s16d,s16d
s16d,s16d
s16d,s16d
s16d,s16d
s16d,s16d
s16d,s16d
s16d,s16d
s16d,s16d
s16d,s16d
s16d,s16d
s16d,s16d
s16d,s16d
s16d,s16d
s16d,s16d
s1c5,s1c0
s1c5,s1c0
s1c5,s1c0
s1c5,s1c0
s1c5,s1c0
s1c5,s1c0
s1c5,s1c0
s1c5,s1c0
s1c5,s1c0
s1c5,s1c0
s1c5,s1c0
s1c5,s1c0
s1c5,s1c0
s1c5,s1c0
s1c5,s1c0
s1c5,s1c0
s1c5,s1c0
s1c5,s1c5
s1c5,s1c5
s1c5,s1c5
s1c5,s1c5
s1c5,s1c5
s1c5,s1c0
s1c5,s1c0
s1c5,s1c5
s1c5,s1c0
s1c5,s1c0
s1c5,s1c0
s1c5,s1c0
s1c5,s15d
s1c5,s15d
s1c5,s1c0
s1c5,s1c5
s1c5,s1c0
s1c5,s1c0
s1c5,s1c0
s1c5,s1c0
s1c5,s1c0
s1c5,s1c0
s1c5,s1c5
s1c5,s1c0
s1c5,s1c0
s1c5,s1c0
s1c5,s1c0
s1c5,s1c0
s1c5,s1c0
s1c5,s1c0
s1c5,s1c0
s1c5,s1c0
s1c5,s1c0
s1c5,s1c0
s1c5,s1c0
s1c5,s1c0
s1c5,s1c0
s1c5,s1c0
s1c5,s1c0
s1c5,s1c5
s1c5,s1c5
s1c5,s1c5
s1c5,s1c5
s1c5,s1c0
s1c5,s1c0
s1c5,s1c0
s1c5,s1c0
s1c5,s1c0
s1c5,s1c0
s1c5,s1c0
s1c5,s1c0
s1c5,s1c0
s1c5,s1c0
s1c5,s1c0
s1c5,s1c0
s1c5,s1c0
s1c5,s1c0
s1c5,s1c0
s1c5,s1c0
s1c5,s1c0
s1c5,s1c0
s1c5,s1c0
s1c5,s1c0
s1c5,s1c0
s1c5,s1c0
s1c5,s1c0
s1c5,s1c0
s1c5,s1c0
s1c5,s1c0
s1c5,s15d
s1c5,s15d
s1c5,s15d
s1c5,s1c0
s1c5,s1c0
s1c5,s1c5
s1c5,s1c5
s1c5,s1c5
s1c5,s1c5
s1c5,s1c5
s1c5,s1c5
s1c5,s1c5
s1c5,s1c0
s1c5,s1c0
s1c5,s1c0
s1c5,s1c0
s1c5,s1c0
s1c5,s1c0
s1c5,s1c0
s1c5,s1c0
s1c5,s1c0
s1c5,s1c0
s1c5,s1c0
s1c5,s1c0
s1c5,s1c0
s1c5,s1c0
s1c5,s1c0
s1c5,s1c0
s1c5,s1c0
s1c5,s1c0
s1c5,s1c0
s1c5,s1c0
s1c5,s1c0
s1c5,s1c0
s1c5,s1c0
s1c5,s1c0
s1c5,s1c0
s1c5,s1c0
s1b0,s1b0
s1b0,s1b0
s1b0,s1d0
s1b0,s1d0
s1b0,s1d0
s1b0,s1d0
s1b0,s1d0
s1b0,s1d0
s1b0,s1d0
s1b0,s1d0
s1b0,s1d0
s1b0,s1d0
s1b0,s1b0
s1b0,s1b0
s1b0,s1d0
s1b0,s1b0
s1b0,s1d0
s1b0,s1d0
s1b0,s1d0
s1b0,s1d0
s1b0,s1d0
s1b0,s1d0
s1b0,s1d0
s1b0,s1d0
s1b0,s1d0
s1b0,s1d0
s1b0,s1d0
s1b0,s1d0
s1b0,s1d0
s1b0,s1d0
s1b0,s1d0
s1b0,s1d0
s1b0,s1d0
s1b0,s1d0
s1b0,s1d0
s1b0,s1d0
s1b0,s1d0
s1b0,s1d0
s1b0,s1b0
s1b0,s1d0
s1b0,s1d0
s1b0,s1d0
s1b0,s1d0
s1b0,s1d0
s1b0,s1d0
s1b0,s1b0
s1b0,s1b0
s1b0,s1b0
s1b0,s1d0
s1b0,s1d0
s1b0,s1d0
s1b0,s1b0
s1b0,s1d0
s1b0,s1d0
s1b0,s1d0
s1b0,s1b0
s1b0,s1b0
s1b0,s1b0
s1b0,s1b0
s1b0,s1b0
s1b0,s1b0
s1b0,s1b0
s1b0,s1b0
s1b0,s1b0
s1b0,s1b0
s1b0,s1b0
s1b0,s1b0
s1b0,s1b0
s1b0,s1b0
s1b0,s1b0
s1b0,s1b0
s1b0,s1b0
s1b0,s1b0
s1b0,s1b0
s1b0,s1b0
s1b0,s1b0
s1b0,s1b0
s1b0,s1b0
s1b0,s1b0
s1b0,s1b0
s1b0,s1b0
s1b0,s1b0
s1b0,s1b0
s1b0,s1b0
s1b0,s1b0
s1b0,s1b0
s1b0,s1b0
s1b0,s1b0
s1b0,s1b0
s1b0,s1b0
s1b0,s1b0
s1b0,s1b0
s1b0,s1b0
s1b0,s1d0
s1b0,s1d0
s1b0,s1b0
s1b0,s1d0
s1b0,s1b0
s1b0,s1b0
s1b0,s1b0
s1b0,s1d0
s1b0,s1d0
s1b0,s1b0
s1b0,s1b0
s1b0,s1b0
s1e1,s1f0
s1e1,s1f0
s1e1,s1f0
s1e1,s1f0
s1e1,s1f0
s1e1,s1f0
s1e1,s1f0
s1e1,s1f0
s1e1,s1f0
s1e1,s1f0
s1e1,s1f0
s1e1,s1f0
s1e1,s1f0
s1e1,s1f0
s1e1,s1f0
s1e1,s1f0
s1e1,s1f0
s1e1,s1f0
s1e1,s1f0
s1e1,s1f0
s1e1,s1f0
s1e1,s1f0
s1e1,s1f0
s1e1,s1f0
s1e1,s1f0
s1e1,s1f0
s1e1,s1f0
s1e1,s1dc
s1e1,s1dc
s1e1,s1f0
s1e1,s1f0
s1e1,s1f0
s1e1,s1f0
s1e1,s1f0
s1e1,s1f0
s1e1,s1f0
s1e1,s1f0
s1e1,s1f0
s1e1,s1dc
s1e1,s1dc
s1e1,s1f0
s1e1,s1f0
s1e1,s1f0
s1e1,s1f0
s1e1,s1f0
s1e1,s1f0
s1e1,s1f0
s1e1,s1f0
s1e1,s1f0
s1e1,s1f0
s1e1,s1f0
s1e1,s1f0
s1e1,s1f0
s1e1,s1f0
s1e1,s1f0
s1e1,s1f0
s1e1,s1f0
s1e1,s1f0
s1e1,s1f0
s1e1,s1f0
s1e1,s1f0
s1e1,s1f0
s1e1,s1f0
s1e1,s1f0
s1e1,s1f0
s1e1,s1f0
s1e1,s1f0
s1e1,s1f0
s1e1,s1f0
s1e1,s1f0
s1e1,s1f0
s1e1,s1f0
s1e1,s1f0
s1e1,s1f0
s1e1,s1f0
s1e1,s1f0
s1e1,s1f0
s1e1,s1f0
s1e1,s1f0
s1e1,s1f0
s1e1,s1f0
s1e1,s1f0
s1e1,s1f0
s1e1,s1f0
s1e1,s1f0
s1e1,s1f0
s1e1,s1f0
s1e1,s1f0
s1e1,s1f0
s1e1,s1f0
s1e1,s1f0
s1e1,s1f0
s1e1,s1f0
s1e1,s1f0
s1e1,s1f0
s1e1,s1f0
s1e1,s1f0
s1e1,s1f0
s1e1,s1f0
s1e1,s1f0
s1e1,s1f0
s1e1,s1f0
s1e1,s1f0
s1e1,s1f0
s1e1,s1f0
s1e1,s1f0
s1e1,s1f0
s1e1,s1f0
s1e1,s1f0
s1e1,s1f0
s1e1,s1f0
s1e1,s1f0
s1e1,s1f0
s1e1,s1f0
s1e1,s1f0
s116,s116
s116,s116
s116,s116
s116,s116
s116,s116
s116,s116
s116,s116
s116,s116
s116,s116
s116,s116
s116,s116
s116,s116
s116,s116
s116,s116
s116,s116
s116,s116
s116,s116
s116,s116
s116,s116
s116,s116
s116,s116
s116,s116
s116,s116
s116,s116
s116,s116
s116,s116
s116,s116
s116,s116
s116,s116
s116,s116
s116,s116
s116,s116
s116,s116
s116,s116
s116,s116
s116,s116
s116,s116
s116,s116
s116,s116
s116,s116
s116,s116
s116,s116
s116,s116
s116,s116
s116,s116
s116,s116
s116,s116
s116,s116
s116,s116
s116,s116
s116,s116
s116,s116
s116,s116
s116,s116
s116,s116
s116,s116
s116,s116
s116,s116
s116,s116
s116,s116
s116,s116
s116,s116
s116,s116
s116,s116
s116,s116
s116,s116
s116,s116
s116,s116
s116,s116
s116,s116
s116,s116
s116,s116
s116,s116
s116,s116
s116,s116
s116,s116
s116,s116
s116,s116
s116,s116
s116,s116
s116,s116
s116,s116
s116,s116
s116,s116
s116,s116
s116,s116
s116,s116
s116,s116
s116,s116
s116,s116
s1a0,s1a0
s1a0,s1a0
s1a0,s1a0
s1a0,s1a0
s1a0,s1a0
s1a0,s1a0
s1a0,s1a0
s1a0,s1a0
s1a0,s1a0
s1a0,s1a0
s1a0,s1a0
s1a0,s1a0
s1a0,s1a0
s1a0,s1a0
s1a0,s1a0
s1a0,s1a0
s1a0,s1a0
s1a0,s1a0
s1a0,s1a0
s1a0,s1a0
s1a0,s1a0
s1a0,s1a0
s1a0,s1a0
s1a0,s1a0
s1a0,s1a0
s1a0,s1a0
s1a0,s1a0
s1a0,s1a0
s1a0,s1a0
s1a0,s1a0
s1a0,s1a0
s1a0,s1a0
s1a0,s1a0
s1a0,s1a0
s1a0,s1a0
s1a0,s1a0
s1a0,s1a0
s1a0,s1a0
s1a0,s1a0
s1a0,s1a0
s1a0,s1a0
s1a0,s1a0
s1a0,s1a0
s1a0,s1a0
s1a0,s1a0
s1a0,s1a0
s1a0,s1a0
s1a0,s1a0
s1a0,s1a0
s1a0,s1a0
s1a0,s1a0
s1a0,s1a0
s1a0,s1a0
s1a0,s1a0
s1a0,s1a0
s1a0,s1a0
s1a0,s1a0
s1a0,s1a0
s1a0,s1a0
s1a0,s1a0
s1a0,s1a0
s1a0,s1a0
s1a0,s1a0
s1a0,s1a0
s1a0,s1a0
s1a0,s1a0
s1a0,s1a0
s1a0,s1a0
s1a0,s1a0
s1a0,s1a0
s1a0,s1a0
s1a0,s1a0
s1a0,s1a0
s1a0,s1a0
s1a0,s1a0
s1a0,s1a0
s1a0,s1a0
s1a0,s1a0
s1a0,s1a0
s1a0,s1a0
s1a0,s1a0
s1a0,s1a0
s1a0,s1a0
s1a0,s1a0
s1a0,s1a0
s1a0,s1a0
s1a0,s1a0
s1a0,s1a0
s1a0,s1a0
s1a0,s1a0
s1a0,s1a0
s1a0,s1a0
s1a0,s1a0
s1a0,s1a0
s1a0,s1a0
s1a0,s1a0
s1a0,s1a0
s1a0,s1a0
s1a0,s1a0
s1a0,s1a0
s1a0,s1a0
s180,s121
s180,s121
s180,s19a
s180,s121
s180,s19a
s180,s19a
s180,s121
s180,s121
s180,s121
s180,s121
s180,s121
s180,s121
s180,s121
s180,s121
s180,s121
s180,s121
s180,s121
s180,s121
s180,s121
s180,s180
s180,s180
s180,s180
s180,s180
s180,s180
s180,s180
s180,s180
s180,s150
s180,s180
s180,s180
s180,s180
s180,s150
s180,s180
s180,s121
s180,s121
s180,s121
s180,s121
s180,s121
s180,s121
s180,s121
s180,s180
s180,s180
s180,s180
s180,s180
s180,s180
s180,s180
s180,s180
s180,s180
s180,s180
s180,s176
s180,s180
s180,s180
s180,s180
s180,s180
s180,s121
s180,s121
s180,s121
s180,s121
s180,s121
s180,s121
s180,s121
s180,s121
s180,s121
s180,s19a
s180,s121
s180,s121
s180,s180
s180,s180
s180,s180
s180,s180
s180,s180
s180,s180
s180,s180
s180,s176
s180,s180
s180,s121
s180,s176
s180,s121
s180,s180
s180,s180
s180,s180
s180,s180
s180,s180
s180,s121
s180,s121
s180,s176
s180,s180
s180,s180
s180,s121
s180,s180
s180,s180
s180,s180
s180,s180
s180,s180
s180,s180
s180,s180
s180,s176
s180,s176
s180,s176
s180,s180
s180,s121
s180,s176
s180,s121
s180,s121
s180,s121
s180,s176
s180,s176
s180,s121
s180,s121
s180,s121
s180,s176
s180,s121
s180,s121
s180,s121
s180,s180
s180,s121
s180,s121
s180,s180
s180,s180
s180,s150
s180,s180
s180,s180
s180,s180
s180,s180
s180,s121
s180,s180
s180,s180
s180,s121
s180,s176
s11e,s11e
s11e,s11e
s11e,s11e
s11e,s11e
s11e,s11e
s11e,s11e
s11e,s11e
s11e,s11e
s11e,s11e
s11e,s11e
s11e,s11e
s11e,s11e
s11e,s11e
s11e,s11e
s11e,s11e
s11e,s11e
s11e,s11e
s11e,s11e
s11e,s11e
s11e,s11e
s11e,s11e
s11e,s11e
s11e,s11e
s11e,s11e
s11e,s11e
s11e,s11e
s11e,s11e
s11e,s11e
s11e,s11e
s11e,s11e
s11e,s11e
s11e,s11e
s11e,s11e
s11e,s11e
s11e,s11e
s11e,s11e
s11e,s11e
s11e,s11e
s11e,s11e
s11e,s11e
s11e,s11e
s11e,s11e
s11e,s11e
s11e,s11e
s11e,s11e
s11e,s11e
s11e,s11e
s11e,s11e
s11e,s11e
s11e,s11e
s11e,s11e
s11e,s11e
s11e,s11e
s11e,s121
s11e,s11e
s11e,s121
s11e,s121
s11e,s121
s11e,s121
s11e,s121
s11e,s121
s11e,s121
s11e,s121
s11e,s121
s11e,s121
s11e,s121
s11e,s121
s11e,s121
s11e,s121
s11e,s121
s11e,s121
s11e,s121
s11e,s121
s11e,s11e
s11e,s11e
s11e,s11e
s11e,s11e
s11e,s11e
s11e,s11e
s11e,s11e
s11e,s11e
s11e,s11e
s11e,s11e
s11e,s11e
s11e,s11e
s11e,s11e
s11e,s11e
s11e,s11e
s11e,s11e
s11e,s11e
s11e,s11e
s18f,s18f
s18f,s18f
s18f,s18f
s18f,s18f
s18f,s18f
s18f,s18f
s18f,s18f
s18f,s18f
s18f,s18f
s18f,s18f
s18f,s18f
s18f,s18f
s18f,s18f
s18f,s18f
s18f,s18f
s18f,s18f
s18f,s18f
s18f,s18f
s18f,s18f
s18f,s18f
s18f,s18f
s18f,s18f
s18f,s18f
s18f,s18f
s18f,s18f
s18f,s18f
s18f,s18f
s18f,s18f
s18f,s18f
s18f,s18f
s18f,s18f
s18f,s18f
s18f,s18f
s18f,s18f
s18f,s18f
s18f,s18f
s18f,s18f
s18f,s18f
s18f,s18f
s18f,s18f
s18f,s18f
s18f,s18f
s18f,s18f
s18f,s18f
s18f,s121
s18f,s121
s18f,s121
s18f,s121
s18f,s121
s18f,s121
s18f,s121
s18f,s121
s18f,s121
s18f,s121
s18f,s121
s18f,s121
s18f,s121
s18f,s121
s18f,s18f
s18f,s121
s18f,s18f
s18f,s18f
s18f,s18f
s18f,s18f
s18f,s18f
s18f,s18f
s18f,s150
s18f,s18f
s18f,s18f
s18f,s18f
s18f,s18f
s18f,s18f
s18f,s18f
s18f,s18f
s18f,s18f
s18f,s18f
s18f,s18f
s18f,s18f
s18f,s18f
s18f,s150
s18f,s150
s18f,s18f
s18f,s18f
s18f,s18f
s18f,s18f
s18f,s18f
s18f,s18f
s18f,s18f
s18f,s18f
s18f,s18f
s18f,s18f
s18f,s18f
s18f,s18f
s18f,s18f
s18f,s18f
s18f,s18f
s18f,s18f
s18f,s18f
s18f,s18f
s18f,s18f
s18f,s18f
s18f,s18f
s18f,s18f
s18f,s18f
s18f,s18f
s18f,s18f
s18f,s18f
s18f,s121
s18f,s18f
s18f,s18f
s18f,s18f
s18f,s18f
s18f,s18f
s18f,s18f
s18f,s18f
s18f,s18f
s18f,s18f
s18f,s121
s18f,s121
s18f,s18f
s18f,s18f
s18f,s18f
s18f,s18f
s18f,s18f
s176,s176
s176,s176
s176,s176
s176,s176
s176,s176
s176,s176
s176,s176
s176,s176
s176,s176
s176,s176
s176,s176
s176,s176
s176,s176
s176,s176
s176,s176
s176,s176
s176,s176
s176,s176
s176,s176
s176,s176
s176,s176
s176,s176
s176,s176
s176,s176
s176,s176
s176,s176
s176,s176
s176,s176
s176,s176
s176,s176
s176,s176
s176,s176
s176,s176
s176,s176
s176,s176
s176,s176
s176,s176
s176,s176
s176,s176
s176,s176
s176,s176
s176,s176
s176,s176
s176,s176
s176,s176
s176,s176
s176,s176
s176,s176
s176,s176
s176,s176
s176,s176
s176,s176
s176,s176
s176,s176
s176,s176
s176,s176
s176,s176
s176,s176
s176,s176
s176,s176
s176,s176
s176,s176
s176,s176
s176,s176
s176,s176
s176,s176
s176,s176
s176,s176
s176,s176
s176,s100
s176,s176
s176,s100
s176,s176
s176,s176
s176,s176
s176,s176
s176,s100
s176,s100
s176,s176
s176,s176
s176,s176
s176,s176
s176,s176
s176,s117
s176,s176
s176,s176
s176,s176
s176,s100
s176,s176
s176,s176
s176,s150
s176,s150
s176,s176
s176,s150
s176,s150
s176,s150
s176,s150
s176,s150
s176,s150
s176,s150
s176,s150
s176,s150
s176,s150
s176,s150
s176,s150
s176,s150
s176,s150
s176,s176
s176,s100
s176,s100
s176,s100
s176,s176
s176,s100
s176,s176
s176,s176
s176,s176
s176,s176
s176,s176
s176,s176
s176,s176
s176,s176
s176,s176
s176,s185
s176,s185
s176,s185
s176,s185
s176,s176
s176,s176
s176,s176
s176,s176
s176,s176
s176,s176
s176,s176
s176,s176
s176,s176
s176,s185
s176,s185
s176,s185
s176,s185
s176,s185
s176,s185
s176,s185
s110,s110
s110,s110
s110,s110
s110,s110
s110,s110
s110,s110
s110,s110
s110,s110
s110,s110
s110,s110
s110,s110
s110,s110
s110,s110
s110,s110
s110,s110
s110,s110
s110,s110
s110,s110
s110,s110
s110,s110
s110,s110
s110,s110
s110,s110
s110,s110
s110,s110
s110,s110
s110,s110
s110,s110
s110,s110
s110,s110
s110,s110
s110,s110
s110,s110
s110,s110
s110,s110
s110,s110
s110,s110
s110,s110
s110,s110
s110,s110
s110,s110
s110,s110
s110,s110
s110,s110
s110,s110
s110,s110
s110,s110
s110,s110
s110,s110
s110,s110
s110,s110
s110,s110
s110,s110
s110,s110
s110,s110
s110,s110
s110,s110
s110,s110
s110,s110
s110,s110
s110,s110
s110,s110
s110,s110
s110,s110
s110,s110
s110,s110
s110,s110
s110,s110
s110,s110
s110,s110
s110,s110
s110,s110
s110,s110
s110,s110
s110,s110
s110,s110
s110,s110
s110,s110
s110,s110
s110,s110
s110,s110
s110,s110
s110,s110
s110,s110
s110,s110
s110,s110
s110,s110
s110,s110
s110,s110
s110,s110
s110,s110
s110,s110
s110,s110
s110,s110
s110,s110
s110,s110
s110,s110
s110,s110
s110,s110
s110,s110
s110,s110
s110,s110
s110,s110
s203,s203
s203,s203
s203,s203
s203,s203
s203,s203
s203,s203
s203,s203
s203,s203
s203,s203
s203,s203
s203,s203
s203,s203
s203,s203
s203,s203
s203,s203
s203,s203
s203,s203
s203,s203
s203,s203
s203,s203
s203,s203
s203,s203
s203,s203
s203,s203
s203,s203
s203,s203
s203,s203
s203,s203
s203,s203
s203,s203
s203,s203
s203,s203
s203,s203
s203,s203
s203,s203
s203,s203
s203,s203
s203,s203
s203,s203
s203,s203
s203,s203
s203,s203
s203,s203
s203,s203
s203,s203
s203,s203
s203,s203
s203,s203
s203,s203
s203,s203
s203,s203
s203,s203
s203,s203
s203,s203
s203,s203
s203,s203
s203,s203
s203,s203
s203,s203
s203,s203
s203,s203
s203,s203
s203,s203
s203,s203
s203,s203
s203,s203
s203,s203
s203,s203
s203,s203
s203,s203
s203,s203
s203,s203
s203,s203
s203,s203
s203,s203
s203,s203
s203,s203
s203,s203
s203,s203
s203,s203
s203,s203
s203,s203
s203,s203
s203,s203
s203,s203
s203,s203
s203,s203
s203,s203
s203,s203
s203,s203
s203,s203
s203,s203
s203,s203
s203,s203
s203,s203
s203,s203
s203,s203
s203,s203
s203,s203
s203,s203
s203,s203
s203,s203
s203,s203
s203,s203
s203,s203
s203,s203
s203,s203
s203,s203
s203,s203
s203,s203
s203,s203
s203,s203
s203,s203
s203,s203
s203,s203
s203,s203
s203,s203
s203,s203
s203,s203
s203,s203
s203,s203
s203,s203
s18c,s18c
s18c,s18c
s18c,s18c
s18c,s18c
s18c,s18c
s18c,s18c
s18c,s18c
s18c,s18c
s18c,s18c
s18c,s18c
s18c,s18c
s18c,s18c
s18c,s18c
s18c,s18c
s18c,s18c
s18c,s18c
s18c,s18c
s18c,s18c
s18c,s18c
s18c,s18c
s18c,s18c
s18c,s18c
s18c,s18c
s18c,s18c
s18c,s18c
s18c,s18c
s18c,s18c
s18c,s18c
s18c,s18c
s18c,s18c
s18c,s18c
s18c,s18c
s18c,s18c
s18c,s18c
s18c,s18c
s18c,s18c
s18c,s18c
s18c,s18c
s18c,s18c
s18c,s18c
s18c,s18c
s18c,s18c
s18c,s18c
s18c,s18c
s18c,s18c
s18c,s18c
s18c,s18c
s18c,s18c
s18c,s18c
s18c,s18c
s18c,s18c
s18c,s18c
s18c,s18c
s18c,s18c
s18c,s18c
s18c,s18c
s18c,s18c
s18c,s18c
s18c,s18c
s18c,s18c
s18c,s18c
s18c,s18c
s18c,s18c
s18c,s18c
s18c,s18c
s18c,s18c
s18c,s18c
s18c,s18c
s18c,s18c
s18c,s18c
s18c,s18c
s18c,s18c
s18c,s18c
s18c,s18c
s18c,s18c
s18c,s18c
s18c,s18c
s18c,s18c
s18c,s18c
s18c,s18c
s18c,s18c
s18c,s18c
s18c,s18c
s18c,s18c
s18c,s18c
s18c,s18c
s18c,s18c
s18c,s18c
s18c,s18c
s15d,s15d
s15d,s15d
s15d,s15d
s15d,s15d
s15d,s15d
s15d,s15d
s15d,s15d
s15d,s15d
s15d,s15d
s15d,s15d
s15d,s15d
s15d,s15d
s15d,s15d
s15d,s15d
s15d,s15d
s15d,s15d
s15d,s15d
s15d,s15d
s15d,s15d
s15d,s15d
s15d,s15d
s15d,s15d
s15d,s15d
s15d,s15d
s15d,s15d
s15d,s15d
s15d,s15d
s15d,s15d
s15d,s15d
s15d,s15d
s15d,s15d
s15d,s15d
s15d,s15d
s15d,s15d
s15d,s15d
s15d,s15d
s15d,s15d
s15d,s15d
s15d,s15d
s15d,s15d
s15d,s15d
s15d,s15d
s15d,s15d
s15d,s15d
s15d,s15d
s15d,s15d
s15d,s15d
s15d,s15d
s15d,s15d
s15d,s15d
s15d,s15d
s15d,s15d
s15d,s15d
s15d,s15d
s15d,s15d
s15d,s15d
s15d,s15d
s15d,s15d
s15d,s15d
s15d,s15d
s15d,s15d
s15d,s15d
s15d,s15d
s15d,s15d
s15d,s15d
s15d,s15d
s15d,s15d
s15d,s15d
s15d,s15d
s15d,s15d
s15d,s15d
s15d,s15d
s15d,s15d
s15d,s15d
s15d,s15d
s15d,s15d
s15d,s15d
s15d,s15d
s15d,s15d
s15d,s15d
s15d,s15d
s15d,s15d
s15d,s15d
s15d,s15d
s15d,s15d
s15d,s15d
s15d,s15d
s15d,s15d
s15d,s15d
s15d,s15d
s15d,s15d
s15d,s15d
s15d,s15d
s15d,s15d
s15d,s15d
s15d,s15d
s15d,s15d
s15d,s15d
s15d,s15d
s1dc,s1e1
s1dc,s1dc
s1dc,s1dc
s1dc,s1dc
s1dc,s1dc
s1dc,s1dc
s1dc,s1dc
s1dc,s1dc
s1dc,s1dc
s1dc,s1dc
s1dc,s1dc
s1dc,s1dc
s1dc,s1dc
s1dc,s1dc
s1dc,s1dc
s1dc,s1dc
s1dc,s1f0
s1dc,s1f0
s1dc,s1f0
s1dc,s1dc
s1dc,s1dc
s1dc,s1dc
s1dc,s1f0
s1dc,s1f0
s1dc,s1f0
s1dc,s1f0
s1dc,s1f0
s1dc,s1f0
s1dc,s1f0
s1dc,s1f0
s1dc,s1f0
s1dc,s1f0
s1dc,s1f0
s1dc,s1dc
s1dc,s1e1
s1dc,s1f0
s1dc,s1f0
s1dc,s1f0
s1dc,s1f0
s1dc,s1f0
s1dc,s1f0
s1dc,s1f0
s1dc,s1dc
s1dc,s1dc
s1dc,s1dc
s1dc,s1dc
s1dc,s1dc
s1dc,s1dc
s1dc,s1f0
s1dc,s1dc
s1dc,s1dc
s1dc,s1dc
s1dc,s1f0
s1dc,s1dc
s1dc,s1f0
s1dc,s1dc
s1dc,s1dc
s1dc,s1dc
s1dc,s1dc
s1dc,s1dc
s1dc,s1dc
s1dc,s1dc
s1dc,s1dc
s1dc,s1dc
s1dc,s1dc
s1dc,s1dc
s1dc,s1dc
s1dc,s1dc
s1dc,s1dc
s1dc,s1dc
s1dc,s1dc
s1dc,s1dc
s1dc,s1dc
s1dc,s1dc
s1dc,s1dc
s1dc,s1dc
s1dc,s1dc
s1dc,s1dc
s1dc,s1dc
s1dc,s1dc
s1dc,s1dc
s1dc,s1dc
s1dc,s1dc
s1dc,s1dc
s1dc,s1dc
s1dc,s1dc
s1dc,s1dc
s1dc,s1dc
s1dc,s1dc
s1dc,s1dc
s1dc,s1dc
s1dc,s1dc
s1dc,s1dc
s1dc,s1dc
s1dc,s1dc
s1dc,s1dc
s1dc,s1dc
s1dc,s1dc
s1dc,s1dc
s1dc,s1dc
s1dc,s1dc
s1dc,s1dc
s1dc,s1dc
s1dc,s1dc
s1dc,s1dc
s1dc,s1dc
s1dc,s1dc
s1dc,s1dc
s1dc,s1dc
s1dc,s1dc
s1dc,s1dc
s1dc,s1dc
s1dc,s1dc
s1dc,s1dc
s1dc,s1dc
s1dc,s1dc
s1dc,s1dc
s1dc,s1dc
s1dc,s1dc
s1dc,s1dc
s1dc,s1dc
s1dc,s1dc
s1dc,s1dc
s1dc,s1dc
s1dc,s1dc
s1dc,s1dc
s1dc,s1dc
s1dc,s1f0
s1dc,s1dc
s1dc,s1dc
s1dc,s1f0
s1dc,s1dc
s1dc,s1dc
s1dc,s1f0
s1dc,s1dc
s15a,s15a
s15a,s15a
s15a,s15a
s15a,s15a
s15a,s15a
s15a,s15a
s15a,s15a
s15a,s15a
s15a,s15a
s15a,s15a
s15a,s15a
s15a,s15a
s15a,s15a
s15a,s15a
s15a,s15a
s15a,s15a
s15a,s15a
s15a,s15a
s15a,s15a
s15a,s15a
s15a,s15a
s15a,s15a
s15a,s15a
s15a,s15a
s15a,s15a
s15a,s15a
s15a,s15a
s15a,s15a
s15a,s15a
s15a,s15a
s15a,s15a
s15a,s15a
s15a,s15a
s15a,s15a
s15a,s15a
s15a,s15a
s15a,s15a
s15a,s15a
s15a,s15a
s15a,s15a
s15a,s15a
s15a,s15a
s15a,s15a
s15a,s15a
s15a,s15a
s15a,s15a
s15a,s15a
s15a,s15a
s15a,s15a
s15a,s15a
s15a,s15a
s15a,s15a
s15a,s15a
s15a,s15a
s15a,s15a
s15a,s15a
s15a,s15a
s15a,s15a
s15a,s15a
s15a,s15a
s15a,s15a
s15a,s15a
s15a,s15a
s15a,s15a
s15a,s15a
s15a,s15a
s15a,s15a
s15a,s15a
s15a,s15a
s15a,s15a
s15a,s15a
s15a,s15a
s15a,s15a
s15a,s15a
s15a,s15a
s15a,s15a
s15a,s15a
s15a,s15a
s15a,s15a
s15a,s15a
s15a,s15a
s15a,s15a
s15a,s15a
s15a,s15a
s15a,s15a
s15a,s15a
s15a,s15a
s15a,s15a
s15a,s15a
s15a,s15a
s15a,s15a
s15a,s15a
s15a,s15a
s15a,s15a
s15a,s15a
s15a,s15a
s15a,s15a
s15a,s15a
s1a2,s1a2
s1a2,s1a2
s1a2,s1a2
s1a2,s1a2
s1a2,s1a2
s1a2,s1a2
s1a2,s1a2
s1a2,s1a2
s1a2,s1a2
s1a2,s1a2
s1a2,s1a2
s1a2,s1a2
s1a2,s1a2
s1a2,s1a2
s1a2,s1a2
s1a2,s1a2
s1a2,s1a2
s1a2,s1a2
s1a2,s1a2
s1a2,s1a2
s1a2,s1a2
s1a2,s1a2
s1a2,s1a2
s1a2,s1a2
s1a2,s1a2
s1a2,s1a2
s1a2,s1a2
s1a2,s1a2
s1a2,s1a2
s1a2,s1a2
s1a2,s1a2
s1a2,s1a2
s1a2,s1a2
s1a2,s1a2
s1a2,s1a2
s1a2,s1a2
s1a2,s1a2
s1a2,s1a2
s1a2,s1a2
s1a2,s1a2
s1a2,s1a2
s1a2,s1a2
s1a2,s1a2
s1a2,s1a2
s1a2,s1a2
s1a2,s1a2
s1a2,s1a2
s1a2,s1a2
s1a2,s1a2
s1a2,s1a2
s1a2,s1a2
s1a2,s1a2
s1a2,s1a2
s1a2,s1a2
s1a2,s1a2
s1a2,s1a2
s1a2,s1a2
s1a2,s1a2
s1a2,s1a2
s1a2,s1a2
s1a2,s1a2
s1a2,s1a2
s1a2,s1a2
s1a2,s1a2
s1a2,s1a2
s1a2,s1a2
s1a2,s1a2
s1a2,s1a2
s1a2,s1a2
s1a2,s1a2
s1a2,s1a2
s1a2,s1a2
s1a2,s1a2
s1a2,s1a2
s1a2,s1a2
s1a2,s1a2
s1a2,s1a2
s1a2,s1a2
s1a2,s1a2
s1a2,s1a2
s1a2,s1a2
s1a2,s1a2
s1a2,s1a2
s1a2,s1a2
s1a2,s1a2
s1a2,s1a2
s1a2,s1a2
s1a2,s1a2
s1a2,s1a2
s1a2,s1a2
s1a2,s1a2
s1a2,s1a2
s1a2,s1a2
s1a2,s1a2
s1a2,s1a2
s1a2,s1a2
s1a2,s1a2
s1a2,s1a2
s1a2,s1a2
s1a2,s1a2
s1a2,s1a2
s1a2,s1a2
s1a2,s1a2
s1a2,s1a2
s106,s106
s106,s100
s106,s100
s106,s100
s106,s106
s106,s106
s106,s106
s106,s106
s106,s106
s106,s106
s106,s100
s106,s106
s106,s106
s106,s106
s106,s106
s106,s106
s106,s106
s106,s106
s106,s106
s106,s106
s106,s106
s106,s1f0
s106,s106
s106,s106
s106,s106
s106,s106
s106,s106
s106,s106
s106,s106
s106,s106
s106,s106
s106,s106
s106,s106
s106,s106
s106,s106
s106,s106
s106,s106
s106,s106
s106,s106
s106,s106
s106,s106
s106,s106
s106,s106
s106,s106
s106,s106
s106,s106
s106,s106
s106,s106
s106,s106
s106,s106
s106,s100
s106,s100
s106,s106
s106,s106
s106,s106
s106,s100
s106,s106
s106,s106
s106,s100
s106,s100
s106,s100
s106,s106
s106,s106
s106,s106
s106,s106
s106,s100
s106,s100
s106,s106
s106,s106
s106,s100
s106,s100
s106,s106
s106,s106
s106,s106
s106,s106
s106,s106
s106,s106
s106,s106
s106,s106
s106,s106
s106,s106
s106,s106
s106,s106
s106,s106
s106,s106
s106,s106
s106,s106
s106,s106
s106,s106
s106,s106
s106,s106
s106,s106
s106,s106
s106,s106
s106,s1f0
s106,s106
s106,s1f0
s106,s1f0
s106,s106
s106,s106
s106,s106
s106,s106
s106,s106
s106,s106
s106,s106
s106,s106
s106,s106
s106,s100
s106,s106
s106,s106
s106,s106
s106,s106
s106,s106
s106,s106
s106,s106
s106,s106
s106,s106
s106,s106
s106,s106
s106,s106
s1d0,s1ce
s1d0,s1d0
s1d0,s1d0
s1d0,s1d0
s1d0,s1d0
s1d0,s1d0
s1d0,s1ce
s1d0,s1ce
s1d0,s1ce
s1d0,s1d0
s1d0,s1d0
s1d0,s1d0
s1d0,s1d0
s1d0,s1d0
s1d0,s1d0
s1d0,s1d0
s1d0,s1d0
s1d0,s1d0
s1d0,s1d0
s1d0,s1d0
s1d0,s1d0
s1d0,s1c0
s1d0,s1c0
s1d0,s15a
s1d0,s15a
s1d0,s1c0
s1d0,s1c0
s1d0,s1c0
s1d0,s15a
s1d0,s15a
s1d0,s1d0
s1d0,s1d0
s1d0,s1d0
s1d0,s1d0
s1d0,s1d0
s1d0,s1d0
s1d0,s1d0
s1d0,s1ce
s1d0,s1ce
s1d0,s1ce
s1d0,s1ce
s1d0,s1ce
s1d0,s1ce
s1d0,s1ce
s1d0,s1ce
s1d0,s1ce
s1d0,s1ce
s1d0,s1ce
s1d0,s1ce
s1d0,s1d0
s1d0,s1d0
s1d0,s1d0
s1d0,s1d0
s1d0,s1d0
s1d0,s1d0
s1d0,s15a
s1d0,s15a
s1d0,s1c0
s1d0,s1c0
s1d0,s1c0
s1d0,s1d0
s1d0,s1c0
s1d0,s1d0
s1d0,s15a
s1d0,s15a
s1d0,s15a
s1d0,s1d0
s1d0,s15a
s1d0,s15a
s1d0,s15a
s1d0,s15a
s1d0,s1d0
s1d0,s1d0
s1d0,s1ce
s1d0,s1ce
s1d0,s1ce
s1d0,s1ce
s1d0,s1ce
s1d0,s1ce
s1d0,s1ce
s1d0,s1ce
s1d0,s1ce
s1d0,s1ce
s1d0,s1ce
s1d0,s1ce
s1d0,s1ce
s1d0,s1d0
s1d0,s1ce
s1d0,s1d0
s1d0,s1ce
s1d0,s1d0
s1d0,s1d0
s1d0,s1d0
s1d0,s1d0
s1d0,s1d0
s1d0,s1d0
s1d0,s1d0
s1d0,s1ce
s1d0,s1d0
s1d0,s1d0
s1d0,s1d0
s1d0,s1d0
s1d0,s1d0
s1d0,s1d0
s1d0,s1d0
s1d0,s1d0
s1d0,s1d0
s1d0,s1d0
s1d0,s1d0
s1d0,s1d0
s1d0,s1d0
s1d0,s1d0
s1d0,s1d0
s121,s121
s121,s121
s121,s121
s121,s121
s121,s121
s121,s121
s121,s121
s121,s121
s121,s121
s121,s121
s121,s121
s121,s121
s121,s121
s121,s121
s121,s121
s121,s121
s121,s121
s121,s121
s121,s121
s121,s121
s121,s121
s121,s121
s121,s121
s121,s121
s121,s121
s121,s121
s121,s121
s121,s121
s121,s121
s121,s121
s121,s121
s121,s121
s121,s121
s121,s121
s121,s121
s121,s121
s121,s121
s121,s121
s121,s121
s121,s121
s121,s121
s121,s121
s121,s121
s121,s121
s121,s121
s121,s121
s121,s121
s121,s121
s121,s121
s121,s121
s121,s121
s121,s121
s121,s121
s121,s121
s121,s121
s121,s121
s121,s121
s121,s121
s121,s121
s121,s121
s121,s121
s121,s121
s121,s121
s121,s121
s121,s121
s121,s121
s121,s121
s121,s121
s121,s121
s121,s121
s121,s121
s121,s121
s121,s121
s121,s121
s121,s121
s121,s121
s121,s121
s121,s121
s121,s121
s121,s121
s121,s121
s121,s121
s121,s121
s121,s121
s121,s121
s13f,s13f
s13f,s1f4
s13f,s1f4
s13f,s1f4
s13f,s1f4
s13f,s1f4
s13f,s1f4
s13f,s1f4
s13f,s1f4
s13f,s1f4
s13f,s1f4
s13f,s13f
s13f,s1f4
s13f,s1f4
s13f,s1f4
s13f,s1f4
s13f,s1f4
s13f,s1f4
s13f,s1f4
s13f,s1f4
s13f,s1f4
s13f,s1f4
s13f,s1f4
s13f,s13f
s13f,s13f
s13f,s13f
s13f,s13f
s13f,s13f
s13f,s13f
s13f,s13f
s13f,s13f
s13f,s13f
s13f,s13f
s13f,s13f
s13f,s13f
s13f,s13f
s13f,s13f
s13f,s13f
s13f,s13f
s13f,s13f
s13f,s13f
s13f,s13f
s13f,s13f
s13f,s13f
s13f,s13f
s13f,s1f4
s13f,s1f4
s13f,s13f
s13f,s1f4
s13f,s1f4
s13f,s1f4
s13f,s1f4
s13f,s13f
s13f,s1f4
s13f,s1f4
s13f,s1f4
s13f,s1f4
s13f,s1f4
s13f,s1f4
s13f,s1f4
s13f,s1f4
s13f,s1f4
s13f,s1f4
s13f,s13f
s13f,s1f4
s13f,s1f4
s13f,s1f4
s13f,s1f4
s13f,s1f4
s13f,s1f4
s13f,s1f4
s13f,s1f4
s13f,s1f4
s13f,s1f4
s13f,s1f4
s13f,s1f4
s13f,s1f4
s13f,s1f4
s13f,s1f4
s13f,s1f4
s13f,s1f4
s13f,s1f4
s13f,s1f4
s13f,s1f4
s13f,s1f4
s13f,s1f4
s13f,s1f4
s13f,s1f4
s13f,s1f4
s13f,s1f4
s13f,s1f4
s13f,s1f4
s13f,s1f4
s19d,s19d
s19d,s19d
s19d,s19d
s19d,s19d
s19d,s19d
s19d,s19d
s19d,s19d
s19d,s19d
s19d,s19d
s19d,s19d
s19d,s19d
s19d,s19d
s19d,s19d
s19d,s19d
s19d,s19d
s19d,s19d
s19d,s19d
s19d,s19d
s19d,s19d
s19d,s19d
s19d,s19d
s19d,s19d
s19d,s19d
s19d,s19d
s19d,s19d
s19d,s19d
s19d,s19d
s19d,s19d
s19d,s19d
s19d,s19d
s19d,s19d
s19d,s19d
s19d,s19d
s19d,s19d
s19d,s19d
s19d,s19d
s19d,s19d
s19d,s19d
s19d,s19d
s19d,s19d
s19d,s19d
s19d,s19d
s19d,s19d
s19d,s19d
s19d,s19d
s19d,s19d
s19d,s19d
s19d,s19d
s19d,s19d
s19d,s19d
s19d,s19d
s19d,s1a0
s19d,s19d
s19d,s19d
s19d,s1a0
s19d,s1a0
s19d,s1a0
s19d,s19d
s19d,s19d
s19d,s19d
s19d,s19d
s19d,s19d
s19d,s19d
s19d,s19d
s19d,s19c
s19d,s19d
s19d,s19d
s19d,s19d
s19d,s19d
s19d,s19c
s19d,s19d
s19d,s19d
s19d,s19d
s19d,s19d
s19d,s19d
s19d,s19d
s19d,s19d
s19d,s19d
s19d,s19d
s19d,s19d
s19d,s19d
s19d,s19d
s19d,s19d
s19d,s19d
s19d,s19d
s19d,s19d
s19d,s19d
s19d,s19d
s19d,s19d
s19d,s19d
s19d,s19d
s19d,s19d
s19d,s19d
s19d,s19d
s19d,s19d
s19d,s19d
s19d,s19d
s19d,s19d
s19d,s19d
s19d,s19c
s19d,s19d
s19d,s19d
s19d,s19d
s19d,s19c
s19d,s19d
s19d,s19d
s19d,s19c
s19d,s19d
s19d,s19d
s19d,s19d
s12d,s12d
s12d,s12d
s12d,s12d
s12d,s12d
s12d,s12d
s12d,s12d
s12d,s12d
s12d,s12d
s12d,s12d
s12d,s12d
s12d,s12d
s12d,s12d
s12d,s12d
s12d,s12d
s12d,s12d
s12d,s12d
s12d,s12d
s12d,s12d
s12d,s12d
s12d,s12d
s12d,s12d
s12d,s12d
s12d,s12d
s12d,s12d
s12d,s12d
s12d,s12d
s12d,s12d
s12d,s12d
s12d,s12d
s12d,s12d
s12d,s12d
s12d,s12d
s12d,s12d
s12d,s12d
s12d,s12d
s12d,s12d
s12d,s12d
s12d,s12d
s12d,s12d
s12d,s12d
s12d,s12d
s12d,s12d
s12d,s12d
s12d,s12d
s12d,s12d
s12d,s12d
s12d,s12d
s12d,s12d
s12d,s12d
s12d,s12d
s12d,s12d
s12d,s12d
s12d,s12d
s12d,s12d
s12d,s12d
s12d,s12d
s12d,s12d
s12d,s12d
s12d,s12d
s12d,s12d
s12d,s12d
s12d,s12d
s12d,s12d
s12d,s12d
s12d,s12d
s12d,s12d
s12d,s12d
s12d,s12d
s12d,s12d
s12d,s12d
s12d,s12d
s12d,s12d
s12d,s12d
s12d,s12d
s12d,s12d
s12d,s12d
s12d,s12d
s12d,s12d
s12d,s12d
s12d,s12d
s12d,s12d
s12d,s12d
s12d,s12d
s12d,s12d
s12d,s12d
s12d,s12d
s12d,s12d
s12d,s12d
s12d,s12d
s12d,s12d
s12d,s12d
s12d,s12d
s12d,s12d
s12d,s12d
s12d,s12d
s12d,s12d
s12d,s12d
s12d,s12d
s192,s192
s192,s192
s192,s192
s192,s192
s192,s192
s192,s192
s192,s192
s192,s192
s192,s192
s192,s192
s192,s192
s192,s192
s192,s192
s192,s192
s192,s192
s192,s192
s192,s192
s192,s192
s192,s192
s192,s192
s192,s192
s192,s192
s192,s192
s192,s192
s192,s192
s192,s192
s192,s192
s192,s192
s192,s192
s192,s192
s192,s192
s192,s192
s192,s192
s192,s192
s192,s192
s192,s192
s192,s192
s192,s192
s192,s192
s192,s192
s192,s192
s192,s192
s192,s192
s192,s192
s192,s192
s192,s192
s192,s192
s192,s192
s192,s192
s192,s192
s192,s192
s192,s192
s192,s192
s192,s192
s192,s192
s192,s192
s192,s192
s192,s192
s192,s192
s192,s192
s192,s192
s192,s192
s192,s192
s192,s192
s192,s192
s192,s192
s192,s192
s192,s192
s192,s192
s192,s192
s192,s192
s192,s192
s192,s192
s192,s192
s192,s192
s192,s192
s192,s192
s192,s192
s192,s192
s192,s192
s192,s192
s192,s192
s192,s192
s192,s192
s192,s192
s192,s192
s192,s192
s192,s192
s192,s192
s192,s192
s192,s192
s192,s192
s192,s192
s192,s192
s192,s192
s192,s192
s192,s192
s192,s192
s192,s192
s192,s192
s192,s192
s192,s192
s192,s192
s192,s192
s1bb,s1c0
s1bb,s1c0
s1bb,s1c0
s1bb,s1c0
s1bb,s1c0
s1bb,s1c0
s1bb,s1c0
s1bb,s1c0
s1bb,s1c0
s1bb,s1c0
s1bb,s1c0
s1bb,s1c0
s1bb,s1c0
s1bb,s1c0
s1bb,s1c0
s1bb,s1c0
s1bb,s1c0
s1bb,s1c0
s1bb,s1c0
s1bb,s1c0
s1bb,s1c0
s1bb,s1c0
s1bb,s1c0
s1bb,s1c0
s1bb,s1c0
s1bb,s1c0
s1bb,s1c0
s1bb,s1c0
s1bb,s1c0
s1bb,s1c0
s1bb,s1c0
s1bb,s1c0
s1bb,s1c0
s1bb,s1c0
s1bb,s1c0
s1bb,s1c0
s1bb,s1c0
s1bb,s1c0
s1bb,s1c0
s1bb,s1c0
s1bb,s1c0
s1bb,s1c0
s1bb,s1c0
s1bb,s1c0
s1bb,s1c0
s1bb,s1c0
s1bb,s1c0
s1bb,s1c0
s1bb,s1c0
s1bb,s1c0
s1bb,s1c0
s1bb,s1c0
s1bb,s1c0
s1bb,s1c0
s1bb,s1c0
s1bb,s1c0
s1bb,s1c0
s1bb,s1c0
s1bb,s1c0
s1bb,s1c0
s1bb,s1c0
s1bb,s1c0
s1bb,s1c0
s1bb,s1c0
s1bb,s1c0
s1bb,s1c0
s1bb,s1c0
s1bb,s1c0
s1bb,s1c0
s1bb,s1c0
s1bb,s1c0
s1bb,s1c0
s1bb,s1c0
s1bb,s1c0
s1bb,s1c0
s1bb,s1c0
s1bb,s1c0
s1bb,s1c0
s1bb,s1c0
s1bb,s1c0
s1bb,s1c0
s1bb,s1c0
s1bb,s1c0
s1bb,s1c0
s1bb,s1c0
s1bb,s1c0
s1bb,s1c0
s1bb,s1c0
s1bb,s1c0
s1bb,s1c0
s1bb,s1c0
s1bb,s1c0
s1bb,s1c0
s1bb,s1c0
s1bb,s1c0
s1bb,s1c0
s1bb,s1c0
s1bb,s1c0
s1bb,s1c0
s1bb,s1c0
s1bb,s1c0
s1bb,s1c0
s1bb,s1c0
s1bb,s1c0
s1bb,s1c0
s1bb,s1c0
s1bb,s1c0
s1bb,s1c0
s1bb,s1c0
s1bb,s1c0
s1bb,s1c0
s1bb,s1c0
s1bb,s1c0
s1bb,s1c0
s1bb,s1c0
s1bb,s1c0
s1bb,s1c0
s1bb,s1c0
s185,s185
s185,s185
s185,s185
s185,s185
s185,s185
s185,s185
s185,s185
s185,s185
s185,s185
s185,s185
s185,s185
s185,s185
s185,s185
s185,s185
s185,s185
s185,s185
s185,s185
s185,s185
s185,s185
s185,s185
s185,s185
s185,s185
s185,s185
s185,s185
s185,s185
s185,s185
s185,s185
s185,s185
s185,s185
s185,s185
s185,s185
s185,s185
s185,s185
s185,s185
s185,s185
s185,s185
s185,s185
s185,s185
s185,s185
s185,s185
s185,s185
s185,s185
s185,s185
s185,s185
s185,s185
s185,s185
s185,s185
s185,s185
s185,s185
s185,s185
s185,s185
s185,s185
s185,s185
s185,s185
s185,s185
s185,s185
s185,s185
s185,s185
s185,s185
s185,s185
s185,s185
s185,s185
s185,s185
s185,s185
s185,s185
s185,s185
s185,s185
s185,s185
s185,s185
s185,s185
s185,s185
s185,s185
s185,s185
s185,s185
s185,s185
s185,s185
s185,s185
s185,s185
s185,s185
s185,s185
s185,s185
s185,s185
s185,s185
s185,s185
s185,s185
s185,s185
s185,s185
s185,s185
s185,s185
s185,s1f4
s185,s185
s185,s1f4
s185,s1f4
s185,s1f4
s185,s1f4
s185,s1f4
s185,s1f4
s185,s185
s185,s185
s185,s185
s185,s1f4
s185,s1f4
s185,s1f4
s185,s1f4
s185,s1f4
s185,s1f4
s185,s1f4
s185,s1f4
s185,s1f4
s185,s1f4
s185,s185
s185,s185
s185,s185
s14c,s15d
s14c,s14c
s14c,s14c
s14c,s14c
s14c,s14c
s14c,s14c
s14c,s14c
s14c,s15d
s14c,s14c
s14c,s14c
s14c,s14c
s14c,s15d
s14c,s14c
s14c,s14c
s14c,s14c
s14c,s14c
s14c,s14c
s14c,s14c
s14c,s14c
s14c,s14c
s14c,s14c
s14c,s14c
s14c,s14c
s14c,s14c
s14c,s14c
s14c,s14c
s14c,s14c
s14c,s14c
s14c,s14c
s14c,s14c
s14c,s14c
s14c,s14c
s14c,s14c
s14c,s14c
s14c,s14c
s14c,s14c
s14c,s14c
s14c,s14c
s14c,s14c
s14c,s14c
s14c,s14c
s14c,s14c
s14c,s14c
s14c,s14c
s14c,s14c
s14c,s14c
s14c,s14c
s14c,s14c
s14c,s14c
s14c,s14c
s14c,s14c
s14c,s14c
s14c,s14c
s14c,s14c
s14c,s14c
s14c,s14c
s14c,s14c
s14c,s14c
s14c,s14c
s14c,s14c
s14c,s14c
s14c,s14c
s14c,s14c
s14c,s14c
s14c,s14c
s14c,s14c
s14c,s14c
s14c,s14c
s14c,s14c
s14c,s14c
s14c,s14c
s14c,s14c
s14c,s14c
s14c,s14c
s14c,s14c
s14c,s14c
s14c,s14c
s14c,s14c
s14c,s14c
s14c,s14c
s14c,s14c
s14c,s14c
s14c,s14c
s14c,s14c
s14c,s14c
s14c,s14c
s14c,s14c
s14c,s14c
s14c,s15d
s14c,s15d
s14c,s15d
s14c,s14c
s14c,s15d
s14c,s15d
s19a,s19a
s19a,s19a
s19a,s19a
s19a,s19a
s19a,s19a
s19a,s19a
s19a,s19a
s19a,s19a
s19a,s19a
s19a,s19a
s19a,s19a
s19a,s19a
s19a,s19a
s19a,s19a
s19a,s19a
s19a,s19a
s19a,s19a
s19a,s19a
s19a,s19a
s19a,s19a
s19a,s19a
s19a,s19a
s19a,s19a
s19a,s19a
s19a,s19a
s19a,s19a
s19a,s19a
s19a,s19a
s19a,s19a
s19a,s19a
s19a,s19a
s19a,s19a
s19a,s19a
s19a,s19a
s19a,s19a
s19a,s19a
s19a,s19a
s19a,s19a
s19a,s19a
s19a,s19a
s19a,s19a
s19a,s19a
s19a,s19a
s19a,s19a
s19a,s19a
s19a,s19a
s19a,s19a
s19a,s19a
s19a,s19a
s19a,s19a
s19a,s19a
s19a,s19a
s19a,s19a
s19a,s19a
s19a,s19a
s19a,s19a
s19a,s19a
s19a,s19a
s19a,s19a
s19a,s19a
s19a,s19a
s19a,s19a
s19a,s19a
s19a,s19a
s19a,s19a
s19a,s19a
s19a,s19a
s19a,s19a
s19a,s19a
s19a,s19a
s19a,s19a
s19a,s19a
s19a,s19a
s19a,s19a
s19a,s19a
s19a,s19a
s19a,s19a
s19a,s19a
s19a,s19a
s19a,s19a
s19a,s19a
s19a,s19a
s19a,s19a
s19a,s19a
s19a,s19a
s19a,s19a
s19a,s19a
s19a,s19a
s19a,s19a
s19a,s19a
s19a,s19a
s19a,s19a
s19a,s19a
s19a,s19a
s19a,s19a
s19a,s19a
s19a,s19a
s19a,s19a
s19a,s19a
s19a,s19a
s19a,s19a
s19a,s19a
s19a,s19a
s19a,s19a
s19a,s19a
s115,s115
s115,s115
s115,s115
s115,s115
s115,s115
s115,s115
s115,s115
s115,s115
s115,s115
s115,s115
s115,s115
s115,s115
s115,s115
s115,s115
s115,s115
s115,s115
s115,s115
s115,s115
s115,s115
s115,s115
s115,s115
s115,s115
s115,s115
s115,s115
s115,s115
s115,s115
s115,s115
s115,s115
s115,s115
s115,s115
s115,s115
s115,s115
s115,s115
s115,s115
s115,s115
s115,s115
s115,s115
s115,s115
s115,s115
s115,s115
s115,s115
s115,s115
s115,s115
s115,s115
s115,s115
s115,s115
s115,s115
s115,s115
s115,s115
s115,s115
s115,s115
s115,s115
s115,s115
s115,s115
s115,s115
s115,s115
s115,s115
s115,s115
s115,s115
s115,s115
s115,s115
s115,s115
s115,s115
s115,s115
s115,s115
s115,s115
s115,s115
s115,s115
s115,s115
s115,s115
s115,s115
s115,s115
s115,s115
s115,s115
s115,s115
s115,s115
s115,s115
s115,s115
s115,s115
s115,s115
s115,s115
s115,s115
s115,s115
s115,s115
s10e,s10e
s10e,s10e
s10e,s10e
s10e,s10e
s10e,s10e
s10e,s10e
s10e,s10e
s10e,s10e
s10e,s10e
s10e,s10e
s10e,s10e
s10e,s10e
s10e,s10e
s10e,s10e
s10e,s10e
s10e,s10e
s10e,s10e
s10e,s10e
s10e,s10e
s10e,s10e
s10e,s10e
s10e,s10e
s10e,s10e
s10e,s10e
s10e,s10e
s10e,s10e
s10e,s10e
s10e,s10e
s10e,s10e
s10e,s10e
s10e,s10e
s10e,s10e
s10e,s10e
s10e,s10e
s10e,s10e
s10e,s10e
s10e,s10e
s10e,s10e
s10e,s10e
s10e,s10e
s10e,s10e
s10e,s10e
s10e,s10e
s10e,s10e
s10e,s10e
s10e,s10e
s10e,s10e
s10e,s10e
s10e,s10e
s10e,s10e
s10e,s10e
s10e,s10e
s10e,s10e
s10e,s10e
s10e,s10e
s10e,s10e
s10e,s10e
s10e,s10e
s10e,s10e
s10e,s10e
s10e,s10e
s10e,s10e
s10e,s10e
s10e,s10e
s10e,s10e
s10e,s10e
s10e,s10e
s10e,s10e
s10e,s10e
s10e,s10e
s10e,s10e
s10e,s10e
s10e,s10e
s10e,s10e
s10e,s10e
s10e,s10e
s10e,s10e
s10e,s10e
s10e,s10e
s10e,s10e
s10e,s10e
s10e,s10e
s10e,s10e
s100,s100
s100,s100
s100,s100
s100,s100
s100,s106
s100,s106
s100,s100
s100,s100
s100,s100
s100,s100
s100,s100
s100,s100
s100,s100
s100,s100
s100,s100
s100,s100
s100,s100
s100,s100
s100,s100
s100,s100
s100,s100
s100,s100
s100,s100
s100,s100
s100,s100
s100,s100
s100,s100
s100,s100
s100,s100
s100,s100
s100,s100
s100,s100
s100,s100
s100,s100
s100,s100
s100,s100
s100,s100
s100,s100
s100,s100
s100,s100
s100,s100
s100,s100
s100,s100
s100,s100
s100,s100
s100,s100
s100,s100
s100,s100
s100,s100
s100,s100
s100,s100
s100,s100
s100,s100
s100,s100
s100,s100
s100,s100
s100,s100
s100,s106
s100,s106
s100,s106
s100,s106
s100,s106
s100,s106
s100,s100
s100,s100
s100,s100
s100,s100
s100,s100
s100,s100
s100,s100
s100,s100
s100,s100
s100,s100
s100,s100
s100,s100
s100,s100
s100,s100
s100,s100
s100,s100
s100,s100
s100,s100
s100,s100
s100,s100
s100,s100
s100,s100
s100,s100
s100,s100
s100,s100
s100,s100
s100,s100
s100,s100
s100,s100
s100,s100
s100,s100
s100,s100
s100,s100
s100,s100
s100,s100
s100,s100
s100,s100
s100,s100
s1a4,s1a4
s1a4,s1a4
s1a4,s1a4
s1a4,s1a4
s1a4,s1a4
s1a4,s1a4
s1a4,s1a4
s1a4,s1a4
s1a4,s1a4
s1a4,s1a4
s1a4,s1a4
s1a4,s1a4
s1a4,s1a4
s1a4,s1a4
s1a4,s1a4
s1a4,s1a4
s1a4,s1a4
s1a4,s1a4
s1a4,s1a4
s1a4,s1a4
s1a4,s1a4
s1a4,s1a4
s1a4,s1a4
s1a4,s1a4
s1a4,s1a4
s1a4,s1a4
s1a4,s1a4
s1a4,s1a4
s1a4,s1a4
s1a4,s1a4
s1a4,s1a4
s1a4,s1a4
s1a4,s1a4
s1a4,s1a4
s1a4,s1a4
s1a4,s1a4
s1a4,s1a4
s1a4,s1a4
s1a4,s1a4
s1a4,s1a4
s1a4,s1a4
s1a4,s1a4
s1a4,s1a4
s1a4,s1a4
s1a4,s1a4
s1a4,s1a4
s1a4,s1a4
s1a4,s1a4
s1a4,s1a4
s1a4,s1a4
s1a4,s1a4
s1a4,s1a4
s1a4,s1a4
s1a4,s1a4
s1a4,s1a4
s1a4,s1a4
s1a4,s1a4
s1a4,s1a4
s1a4,s1a4
s1a4,s1a4
s1a4,s1a4
s1a4,s1a4
s1a4,s1a4
s1a4,s1a4
s1a4,s1a4
s1a4,s1a4
s1a4,s1a4
s1a4,s1a4
s1a4,s1a4
s1a4,s1a4
s1a4,s1a4
s1a4,s1a4
s1a4,s1a4
s1a4,s1a4
s1a4,s1a4
s1a4,s1a4
s1a4,s1a4
s1a4,s1a4
s1a4,s1a4
s1a4,s1a4
s1a4,s1a4
s1a4,s1a4
s1a4,s1a4
s1a4,s1a4
s1a4,s1a4
s1a4,s1a4
s1a4,s1a4
s1a4,s1a4
s1a4,s1a4
s1a4,s1a4
s1a4,s1a4
s1a4,s1a4
s1a4,s1a4
s1a4,s1a4
s1a4,s1a4
s1a4,s1a4
s1a4,s1a4
s1a4,s1a4
s1a4,s1a4
s1a4,s1a4
s1a4,s1a4
s1a4,s1a4
s1a4,s1a4
s1a4,s1a4
s1a4,s1a4
s1a4,s1a4
s186,s186
s186,s186
s186,s186
s186,s186
s186,s186
s186,s186
s186,s186
s186,s186
s186,s186
s186,s186
s186,s186
s186,s186
s186,s186
s186,s186
s186,s186
s186,s186
s186,s186
s186,s186
s186,s186
s186,s186
s186,s186
s186,s186
s186,s186
s186,s186
s186,s186
s186,s186
s186,s186
s186,s186
s186,s186
s186,s186
s186,s186
s186,s186
s186,s186
s186,s186
s186,s186
s186,s186
s186,s186
s186,s186
s186,s186
s186,s186
s186,s186
s186,s186
s186,s186
s186,s186
s186,s186
s186,s186
s186,s186
s186,s186
s186,s186
s186,s186
s186,s186
s186,s186
s186,s186
s186,s186
s186,s186
s186,s186
s186,s186
s186,s186
s186,s186
s186,s186
s186,s186
s186,s186
s186,s186
s186,s186
s186,s186
s186,s186
s186,s186
s186,s186
s186,s186
s186,s186
s186,s186
s186,s186
s186,s186
s186,s186
s186,s186
s186,s186
s186,s186
s186,s186
s186,s186
s186,s186
